This file contains any messages produced by compilers while
running configure, to aid debugging if configure makes a mistake.

It was created by shairport-sync configure 4.3.7, which was
generated by GNU Autoconf 2.69.  Invocation command line was

  $ ./configure --with-alsa --with-avahi --with-ssl=openssl --with-soxr --with-metadata --with-systemd --with-airplay-2 --with-dbus-interface --with-dbus-test-client --with-mpris-interface --with-mpris-test-client --with-libdaemon --sysconfdir=/etc

## --------- ##
## Platform. ##
## --------- ##

hostname = motivo
uname -m = aarch64
uname -r = 6.6.30-v8+
uname -s = Linux
uname -v = #1763 SMP PREEMPT Mon May 13 17:50:31 BST 2024

/usr/bin/uname -p = unknown
/bin/uname -X     = unknown

/bin/arch              = unknown
/usr/bin/arch -k       = unknown
/usr/convex/getsysinfo = unknown
/usr/bin/hostinfo      = unknown
/bin/machine           = unknown
/usr/bin/oslevel       = unknown
/bin/universe          = unknown

PATH: /usr/local/bin
PATH: /usr/bin
PATH: /bin
PATH: /usr/local/games
PATH: /usr/games


## ----------- ##
## Core tests. ##
## ----------- ##

configure:2769: checking for a BSD-compatible install
configure:2837: result: /usr/bin/install -c
configure:2848: checking whether build environment is sane
configure:2903: result: yes
configure:3052: checking for a thread-safe mkdir -p
configure:3091: result: /bin/mkdir -p
configure:3098: checking for gawk
configure:3128: result: no
configure:3098: checking for mawk
configure:3114: found /usr/bin/mawk
configure:3125: result: mawk
configure:3136: checking whether make sets $(MAKE)
configure:3158: result: yes
configure:3187: checking whether make supports nested variables
configure:3204: result: yes
configure:3376: checking for ranlib
configure:3392: found /usr/bin/ranlib
configure:3403: result: ranlib
configure:3430: checking for git
configure:3446: found /usr/bin/git
configure:3457: result: git
configure:3552: checking for gcc
configure:3568: found /usr/bin/gcc
configure:3579: result: gcc
configure:3808: checking for C compiler version
configure:3817: gcc --version >&5
gcc (Raspbian 8.3.0-6+rpi1) 8.3.0
Copyright (C) 2018 Free Software Foundation, Inc.
This is free software; see the source for copying conditions.  There is NO
warranty; not even for MERCHANTABILITY or FITNESS FOR A PARTICULAR PURPOSE.

configure:3828: $? = 0
configure:3817: gcc -v >&5
Using built-in specs.
COLLECT_GCC=gcc
COLLECT_LTO_WRAPPER=/usr/lib/gcc/arm-linux-gnueabihf/8/lto-wrapper
Target: arm-linux-gnueabihf
Configured with: ../src/configure -v --with-pkgversion='Raspbian 8.3.0-6+rpi1' --with-bugurl=file:///usr/share/doc/gcc-8/README.Bugs --enable-languages=c,ada,c++,go,d,fortran,objc,obj-c++ --prefix=/usr --with-gcc-major-version-only --program-suffix=-8 --program-prefix=arm-linux-gnueabihf- --enable-shared --enable-linker-build-id --libexecdir=/usr/lib --without-included-gettext --enable-threads=posix --libdir=/usr/lib --enable-nls --enable-bootstrap --enable-clocale=gnu --enable-libstdcxx-debug --enable-libstdcxx-time=yes --with-default-libstdcxx-abi=new --enable-gnu-unique-object --disable-libitm --disable-libquadmath --disable-libquadmath-support --enable-plugin --with-system-zlib --with-target-system-zlib --enable-objc-gc=auto --enable-multiarch --disable-sjlj-exceptions --with-arch=armv6 --with-fpu=vfp --with-float=hard --disable-werror --enable-checking=release --build=arm-linux-gnueabihf --host=arm-linux-gnueabihf --target=arm-linux-gnueabihf
Thread model: posix
gcc version 8.3.0 (Raspbian 8.3.0-6+rpi1) 
configure:3828: $? = 0
configure:3817: gcc -V >&5
gcc: error: unrecognized command line option '-V'
gcc: fatal error: no input files
compilation terminated.
configure:3828: $? = 1
configure:3817: gcc -qversion >&5
gcc: error: unrecognized command line option '-qversion'; did you mean '--version'?
gcc: fatal error: no input files
compilation terminated.
configure:3828: $? = 1
configure:3848: checking whether the C compiler works
configure:3870: gcc    conftest.c  >&5
configure:3874: $? = 0
configure:3922: result: yes
configure:3925: checking for C compiler default output file name
configure:3927: result: a.out
configure:3933: checking for suffix of executables
configure:3940: gcc -o conftest    conftest.c  >&5
configure:3944: $? = 0
configure:3966: result: 
configure:3988: checking whether we are cross compiling
configure:3996: gcc -o conftest    conftest.c  >&5
configure:4000: $? = 0
configure:4007: ./conftest
configure:4011: $? = 0
configure:3999: result: no
configure:4004: checking for suffix of object files
configure:4026: gcc -c   conftest.c >&5
configure:4030: $? = 0
configure:4051: result: o
configure:4055: checking whether we are using the GNU C compiler
configure:4074: gcc -c   conftest.c >&5
configure:4074: $? = 0
configure:4083: result: yes
configure:4092: checking whether gcc accepts -g
configure:4112: gcc -c -g  conftest.c >&5
configure:4112: $? = 0
configure:4153: result: yes
configure:4170: checking for gcc option to accept ISO C89
configure:4233: gcc  -c -g -O2  conftest.c >&5
configure:4233: $? = 0
configure:4246: result: none needed
configure:4271: checking whether gcc understands -c and -o together
configure:4293: gcc -c conftest.c -o conftest2.o
configure:4296: $? = 0
configure:4293: gcc -c conftest.c -o conftest2.o
configure:4296: $? = 0
configure:4308: result: yes
configure:4328: checking whether make supports the include directive
configure:4343: make -f confmf.GNU && cat confinc.out
this is the am__doit target
configure:4346: $? = 0
configure:4365: result: yes (GNU style)
configure:4390: checking dependency style of gcc
configure:4501: result: gcc3
configure:4574: checking for g++
configure:4590: found /usr/bin/g++
configure:4601: result: g++
configure:4628: checking for C++ compiler version
configure:4637: g++ --version >&5
g++ (Raspbian 8.3.0-6+rpi1) 8.3.0
Copyright (C) 2018 Free Software Foundation, Inc.
This is free software; see the source for copying conditions.  There is NO
warranty; not even for MERCHANTABILITY or FITNESS FOR A PARTICULAR PURPOSE.

configure:4648: $? = 0
configure:4637: g++ -v >&5
Using built-in specs.
COLLECT_GCC=g++
COLLECT_LTO_WRAPPER=/usr/lib/gcc/arm-linux-gnueabihf/8/lto-wrapper
Target: arm-linux-gnueabihf
Configured with: ../src/configure -v --with-pkgversion='Raspbian 8.3.0-6+rpi1' --with-bugurl=file:///usr/share/doc/gcc-8/README.Bugs --enable-languages=c,ada,c++,go,d,fortran,objc,obj-c++ --prefix=/usr --with-gcc-major-version-only --program-suffix=-8 --program-prefix=arm-linux-gnueabihf- --enable-shared --enable-linker-build-id --libexecdir=/usr/lib --without-included-gettext --enable-threads=posix --libdir=/usr/lib --enable-nls --enable-bootstrap --enable-clocale=gnu --enable-libstdcxx-debug --enable-libstdcxx-time=yes --with-default-libstdcxx-abi=new --enable-gnu-unique-object --disable-libitm --disable-libquadmath --disable-libquadmath-support --enable-plugin --with-system-zlib --with-target-system-zlib --enable-objc-gc=auto --enable-multiarch --disable-sjlj-exceptions --with-arch=armv6 --with-fpu=vfp --with-float=hard --disable-werror --enable-checking=release --build=arm-linux-gnueabihf --host=arm-linux-gnueabihf --target=arm-linux-gnueabihf
Thread model: posix
gcc version 8.3.0 (Raspbian 8.3.0-6+rpi1) 
configure:4648: $? = 0
configure:4637: g++ -V >&5
g++: error: unrecognized command line option '-V'
g++: fatal error: no input files
compilation terminated.
configure:4648: $? = 1
configure:4637: g++ -qversion >&5
g++: error: unrecognized command line option '-qversion'; did you mean '--version'?
g++: fatal error: no input files
compilation terminated.
configure:4648: $? = 1
configure:4652: checking whether we are using the GNU C++ compiler
configure:4671: g++ -c   conftest.cpp >&5
configure:4671: $? = 0
configure:4680: result: yes
configure:4689: checking whether g++ accepts -g
configure:4709: g++ -c -g  conftest.cpp >&5
configure:4709: $? = 0
configure:4750: result: yes
configure:4775: checking dependency style of g++
configure:4886: result: gcc3
configure:4944: checking for ar
configure:4960: found /usr/bin/ar
configure:4971: result: ar
configure:5049: checking for pkg-config
configure:5067: found /usr/bin/pkg-config
configure:5079: result: /usr/bin/pkg-config
configure:5104: checking pkg-config is at least version 0.9.0
configure:5107: result: yes
configure:5119: checking for clock_gettime in -lrt
configure:5144: gcc -o conftest -g -O2   conftest.c -lrt   >&5
configure:5144: $? = 0
configure:5153: result: yes
configure:5268: checking for pthread_create in -lpthread
configure:5293: gcc -o conftest -g -O2   conftest.c -lpthread  -lrt  >&5
configure:5293: $? = 0
configure:5302: result: yes
configure:5315: checking for exp in -lm
configure:5340: gcc -o conftest -g -O2   conftest.c -lm  -lpthread -lrt  >&5
conftest.c:21:6: warning: conflicting types for built-in function 'exp' [-Wbuiltin-declaration-mismatch]
 char exp ();
      ^~~
configure:5340: $? = 0
configure:5349: result: yes
configure:5366: checking for popt
configure:5373: $PKG_CONFIG --exists --print-errors "popt"
configure:5376: $? = 0
configure:5390: $PKG_CONFIG --exists --print-errors "popt"
configure:5393: $? = 0
configure:5431: result: yes
configure:5654: checking for libconfig
configure:5661: $PKG_CONFIG --exists --print-errors "libconfig"
configure:5664: $? = 0
configure:5678: $PKG_CONFIG --exists --print-errors "libconfig"
configure:5681: $? = 0
configure:5719: result: yes
configure:5978: checking for DAEMON
configure:5985: $PKG_CONFIG --exists --print-errors "libdaemon"
configure:5988: $? = 0
configure:6002: $PKG_CONFIG --exists --print-errors "libdaemon"
configure:6005: $? = 0
configure:6043: result: yes
configure:6121: checking for SSL
configure:6128: $PKG_CONFIG --exists --print-errors "libssl,libcrypto"
configure:6131: $? = 0
configure:6145: $PKG_CONFIG --exists --print-errors "libssl,libcrypto"
configure:6148: $? = 0
configure:6206: result: yes
configure:6509: checking for soxr
configure:6516: $PKG_CONFIG --exists --print-errors "soxr"
configure:6519: $? = 0
configure:6533: $PKG_CONFIG --exists --print-errors "soxr"
configure:6536: $? = 0
configure:6574: result: yes
configure:6747: checking for avahi_client_new in -lavahi-client
configure:6772: gcc -o conftest    -g -O2   conftest.c -lavahi-client  -lsoxr -lssl -lcrypto -ldaemon -lconfig -lpopt -lm -lpthread -lrt  >&5
configure:6772: $? = 0
configure:6781: result: yes
configure:6794: checking for avahi_strerror in -lavahi-common
configure:6819: gcc -o conftest    -g -O2   conftest.c -lavahi-common  -lavahi-client -lsoxr -lssl -lcrypto -ldaemon -lconfig -lpopt -lm -lpthread -lrt  >&5
configure:6819: $? = 0
configure:6828: result: yes
configure:6891: checking for alsa
configure:6898: $PKG_CONFIG --exists --print-errors "alsa"
configure:6901: $? = 0
configure:6915: $PKG_CONFIG --exists --print-errors "alsa"
configure:6918: $? = 0
configure:6976: result: yes
configure:8095: checking for glib
configure:8102: $PKG_CONFIG --exists --print-errors "gio-unix-2.0 >= 2.30.0"
configure:8105: $? = 0
configure:8119: $PKG_CONFIG --exists --print-errors "gio-unix-2.0 >= 2.30.0"
configure:8122: $? = 0
configure:8160: result: yes
configure:8292: checking for xxd
configure:8308: found /usr/bin/xxd
configure:8319: result: yes
configure:8332: $PKG_CONFIG --exists --print-errors "libplist-2.0"
Package libplist-2.0 was not found in the pkg-config search path.
Perhaps you should add the directory containing `libplist-2.0.pc'
to the PKG_CONFIG_PATH environment variable
No package 'libplist-2.0' found
configure:8335: $? = 1
configure:8341: checking for libplist
configure:8348: $PKG_CONFIG --exists --print-errors "${LIBPLIST_PACKAGE} >= 2.3.0"
Requested 'libplist >= 2.3.0' but version of libplist is 2.0.0
configure:8351: $? = 1
configure:8365: $PKG_CONFIG --exists --print-errors "${LIBPLIST_PACKAGE} >= 2.3.0"
Requested 'libplist >= 2.3.0' but version of libplist is 2.0.0
configure:8368: $? = 1
configure:8382: result: no
Requested 'libplist >= 2.3.0' but version of libplist is 2.0.0
configure:8400: checking for libplist
configure:8407: $PKG_CONFIG --exists --print-errors "${LIBPLIST_PACKAGE} >= 2.0.0"
configure:8410: $? = 0
configure:8424: $PKG_CONFIG --exists --print-errors "${LIBPLIST_PACKAGE} >= 2.0.0"
configure:8427: $? = 0
configure:8467: result: yes
configure:8560: checking for libsodium
configure:8567: $PKG_CONFIG --exists --print-errors "libsodium"
configure:8570: $? = 0
configure:8584: $PKG_CONFIG --exists --print-errors "libsodium"
configure:8587: $? = 0
configure:8627: result: yes
configure:8633: checking for libgcrypt
configure:8640: $PKG_CONFIG --exists --print-errors "libgcrypt"
Package libgcrypt was not found in the pkg-config search path.
Perhaps you should add the directory containing `libgcrypt.pc'
to the PKG_CONFIG_PATH environment variable
No package 'libgcrypt' found
configure:8643: $? = 1
configure:8657: $PKG_CONFIG --exists --print-errors "libgcrypt"
Package libgcrypt was not found in the pkg-config search path.
Perhaps you should add the directory containing `libgcrypt.pc'
to the PKG_CONFIG_PATH environment variable
No package 'libgcrypt' found
configure:8660: $? = 1
configure:8674: result: no
No package 'libgcrypt' found
configure:8690: checking for gcry_control in -lgcrypt
configure:8715: gcc -o conftest   -pthread -I/usr/include/gio-unix-2.0 -I/usr/include/libmount -I/usr/include/blkid -I/usr/include/uuid -I/usr/include/glib-2.0 -I/usr/lib/arm-linux-gnueabihf/glib-2.0/include    -g -O2   conftest.c -lgcrypt  -lsodium -lplist -lgio-2.0 -lgobject-2.0 -lglib-2.0 -lasound -lavahi-common -lavahi-client -lsoxr -lssl -lcrypto -ldaemon -lconfig -lpopt -lm -lpthread -lrt  >&5
configure:8715: $? = 0
configure:8724: result: yes
configure:8800: checking for libavutil
configure:8807: $PKG_CONFIG --exists --print-errors "libavutil"
configure:8810: $? = 0
configure:8824: $PKG_CONFIG --exists --print-errors "libavutil"
configure:8827: $? = 0
configure:8867: result: yes
configure:8873: checking for libavcodec
configure:8880: $PKG_CONFIG --exists --print-errors "libavcodec"
configure:8883: $? = 0
configure:8897: $PKG_CONFIG --exists --print-errors "libavcodec"
configure:8900: $? = 0
configure:9034: result: yes
configure:9040: checking for libavformat
configure:9047: $PKG_CONFIG --exists --print-errors "libavformat"
configure:9050: $? = 0
configure:9064: $PKG_CONFIG --exists --print-errors "libavformat"
configure:9067: $? = 0
configure:9201: result: yes
configure:9207: checking for libswresample
configure:9214: $PKG_CONFIG --exists --print-errors "libswresample"
configure:9217: $? = 0
configure:9231: $PKG_CONFIG --exists --print-errors "libswresample"
configure:9234: $? = 0
configure:9368: result: yes
configure:9374: checking for libuuid
configure:9381: $PKG_CONFIG --exists --print-errors "uuid"
configure:9384: $? = 0
configure:9398: $PKG_CONFIG --exists --print-errors "uuid"
configure:9401: $? = 0
configure:9535: result: yes
configure:9584: checking how to run the C preprocessor
configure:9615: gcc -E  conftest.c
configure:9615: $? = 0
configure:9629: gcc -E  conftest.c
conftest.c:29:10: fatal error: ac_nonexistent.h: No such file or directory
 #include <ac_nonexistent.h>
          ^~~~~~~~~~~~~~~~~~
compilation terminated.
configure:9629: $? = 1
configure: failed program was:
| /* confdefs.h */
| #define PACKAGE_NAME "shairport-sync"
| #define PACKAGE_TARNAME "shairport-sync"
| #define PACKAGE_VERSION "4.3.7"
| #define PACKAGE_STRING "shairport-sync 4.3.7"
| #define PACKAGE_BUGREPORT "4265913+mikebrady@users.noreply.github.com"
| #define PACKAGE_URL ""
| #define PACKAGE "shairport-sync"
| #define VERSION "4.3.7"
| #define CONFIG_USE_GIT_VERSION_STRING 1
| #define HAVE_LIBRT 1
| #define HAVE_LIBPTHREAD 1
| #define HAVE_LIBM 1
| #define CONFIG_LIBDAEMON 1
| #define CONFIG_OPENSSL 1
| #define CONFIG_SOXR 1
| #define CONFIG_AVAHI 1
| #define HAVE_LIBAVAHI_CLIENT 1
| #define HAVE_LIBAVAHI_COMMON 1
| #define CONFIG_ALSA 1
| #define CONFIG_DBUS_INTERFACE 1
| #define CONFIG_MPRIS_INTERFACE 1
| #define CONFIG_METADATA_HUB 1
| #define CONFIG_DACP_CLIENT 1
| #define CONFIG_METADATA 1
| #define CONFIG_AIRPLAY_2 1
| #define HAVE_LIBGCRYPT 1
| /* end confdefs.h.  */
| #include <ac_nonexistent.h>
configure:9654: result: gcc -E
configure:9674: gcc -E  conftest.c
configure:9674: $? = 0
configure:9688: gcc -E  conftest.c
conftest.c:29:10: fatal error: ac_nonexistent.h: No such file or directory
 #include <ac_nonexistent.h>
          ^~~~~~~~~~~~~~~~~~
compilation terminated.
configure:9688: $? = 1
configure: failed program was:
| /* confdefs.h */
| #define PACKAGE_NAME "shairport-sync"
| #define PACKAGE_TARNAME "shairport-sync"
| #define PACKAGE_VERSION "4.3.7"
| #define PACKAGE_STRING "shairport-sync 4.3.7"
| #define PACKAGE_BUGREPORT "4265913+mikebrady@users.noreply.github.com"
| #define PACKAGE_URL ""
| #define PACKAGE "shairport-sync"
| #define VERSION "4.3.7"
| #define CONFIG_USE_GIT_VERSION_STRING 1
| #define HAVE_LIBRT 1
| #define HAVE_LIBPTHREAD 1
| #define HAVE_LIBM 1
| #define CONFIG_LIBDAEMON 1
| #define CONFIG_OPENSSL 1
| #define CONFIG_SOXR 1
| #define CONFIG_AVAHI 1
| #define HAVE_LIBAVAHI_CLIENT 1
| #define HAVE_LIBAVAHI_COMMON 1
| #define CONFIG_ALSA 1
| #define CONFIG_DBUS_INTERFACE 1
| #define CONFIG_MPRIS_INTERFACE 1
| #define CONFIG_METADATA_HUB 1
| #define CONFIG_DACP_CLIENT 1
| #define CONFIG_METADATA 1
| #define CONFIG_AIRPLAY_2 1
| #define HAVE_LIBGCRYPT 1
| /* end confdefs.h.  */
| #include <ac_nonexistent.h>
configure:9717: checking for grep that handles long lines and -e
configure:9775: result: /bin/grep
configure:9780: checking for egrep
configure:9842: result: /bin/grep -E
configure:9847: checking for ANSI C header files
configure:9867: gcc -c -I/usr/include/uuid -I/usr/include/arm-linux-gnueabihf -I/usr/include/arm-linux-gnueabihf -I/usr/include/arm-linux-gnueabihf -I/usr/include/arm-linux-gnueabihf   -pthread -I/usr/include/gio-unix-2.0 -I/usr/include/libmount -I/usr/include/blkid -I/usr/include/uuid -I/usr/include/glib-2.0 -I/usr/lib/arm-linux-gnueabihf/glib-2.0/include    -g -O2  conftest.c >&5
configure:9867: $? = 0
configure:9940: gcc -o conftest -I/usr/include/uuid -I/usr/include/arm-linux-gnueabihf -I/usr/include/arm-linux-gnueabihf -I/usr/include/arm-linux-gnueabihf -I/usr/include/arm-linux-gnueabihf   -pthread -I/usr/include/gio-unix-2.0 -I/usr/include/libmount -I/usr/include/blkid -I/usr/include/uuid -I/usr/include/glib-2.0 -I/usr/lib/arm-linux-gnueabihf/glib-2.0/include    -g -O2   conftest.c -luuid -lswresample -lavformat -lavcodec -lavutil -lgcrypt -lsodium -lplist -lgio-2.0 -lgobject-2.0 -lglib-2.0 -lasound -lavahi-common -lavahi-client -lsoxr -lssl -lcrypto -ldaemon -lconfig -lpopt -lm -lpthread -lrt  >&5
configure:9940: $? = 0
configure:9940: ./conftest
configure:9940: $? = 0
configure:9951: result: yes
configure:9964: checking for sys/types.h
configure:9964: gcc -c -I/usr/include/uuid -I/usr/include/arm-linux-gnueabihf -I/usr/include/arm-linux-gnueabihf -I/usr/include/arm-linux-gnueabihf -I/usr/include/arm-linux-gnueabihf   -pthread -I/usr/include/gio-unix-2.0 -I/usr/include/libmount -I/usr/include/blkid -I/usr/include/uuid -I/usr/include/glib-2.0 -I/usr/lib/arm-linux-gnueabihf/glib-2.0/include    -g -O2  conftest.c >&5
configure:9964: $? = 0
configure:9964: result: yes
configure:9964: checking for sys/stat.h
configure:9964: gcc -c -I/usr/include/uuid -I/usr/include/arm-linux-gnueabihf -I/usr/include/arm-linux-gnueabihf -I/usr/include/arm-linux-gnueabihf -I/usr/include/arm-linux-gnueabihf   -pthread -I/usr/include/gio-unix-2.0 -I/usr/include/libmount -I/usr/include/blkid -I/usr/include/uuid -I/usr/include/glib-2.0 -I/usr/lib/arm-linux-gnueabihf/glib-2.0/include    -g -O2  conftest.c >&5
configure:9964: $? = 0
configure:9964: result: yes
configure:9964: checking for stdlib.h
configure:9964: gcc -c -I/usr/include/uuid -I/usr/include/arm-linux-gnueabihf -I/usr/include/arm-linux-gnueabihf -I/usr/include/arm-linux-gnueabihf -I/usr/include/arm-linux-gnueabihf   -pthread -I/usr/include/gio-unix-2.0 -I/usr/include/libmount -I/usr/include/blkid -I/usr/include/uuid -I/usr/include/glib-2.0 -I/usr/lib/arm-linux-gnueabihf/glib-2.0/include    -g -O2  conftest.c >&5
configure:9964: $? = 0
configure:9964: result: yes
configure:9964: checking for string.h
configure:9964: gcc -c -I/usr/include/uuid -I/usr/include/arm-linux-gnueabihf -I/usr/include/arm-linux-gnueabihf -I/usr/include/arm-linux-gnueabihf -I/usr/include/arm-linux-gnueabihf   -pthread -I/usr/include/gio-unix-2.0 -I/usr/include/libmount -I/usr/include/blkid -I/usr/include/uuid -I/usr/include/glib-2.0 -I/usr/lib/arm-linux-gnueabihf/glib-2.0/include    -g -O2  conftest.c >&5
configure:9964: $? = 0
configure:9964: result: yes
configure:9964: checking for memory.h
configure:9964: gcc -c -I/usr/include/uuid -I/usr/include/arm-linux-gnueabihf -I/usr/include/arm-linux-gnueabihf -I/usr/include/arm-linux-gnueabihf -I/usr/include/arm-linux-gnueabihf   -pthread -I/usr/include/gio-unix-2.0 -I/usr/include/libmount -I/usr/include/blkid -I/usr/include/uuid -I/usr/include/glib-2.0 -I/usr/lib/arm-linux-gnueabihf/glib-2.0/include    -g -O2  conftest.c >&5
configure:9964: $? = 0
configure:9964: result: yes
configure:9964: checking for strings.h
configure:9964: gcc -c -I/usr/include/uuid -I/usr/include/arm-linux-gnueabihf -I/usr/include/arm-linux-gnueabihf -I/usr/include/arm-linux-gnueabihf -I/usr/include/arm-linux-gnueabihf   -pthread -I/usr/include/gio-unix-2.0 -I/usr/include/libmount -I/usr/include/blkid -I/usr/include/uuid -I/usr/include/glib-2.0 -I/usr/lib/arm-linux-gnueabihf/glib-2.0/include    -g -O2  conftest.c >&5
configure:9964: $? = 0
configure:9964: result: yes
configure:9964: checking for inttypes.h
configure:9964: gcc -c -I/usr/include/uuid -I/usr/include/arm-linux-gnueabihf -I/usr/include/arm-linux-gnueabihf -I/usr/include/arm-linux-gnueabihf -I/usr/include/arm-linux-gnueabihf   -pthread -I/usr/include/gio-unix-2.0 -I/usr/include/libmount -I/usr/include/blkid -I/usr/include/uuid -I/usr/include/glib-2.0 -I/usr/lib/arm-linux-gnueabihf/glib-2.0/include    -g -O2  conftest.c >&5
configure:9964: $? = 0
configure:9964: result: yes
configure:9964: checking for stdint.h
configure:9964: gcc -c -I/usr/include/uuid -I/usr/include/arm-linux-gnueabihf -I/usr/include/arm-linux-gnueabihf -I/usr/include/arm-linux-gnueabihf -I/usr/include/arm-linux-gnueabihf   -pthread -I/usr/include/gio-unix-2.0 -I/usr/include/libmount -I/usr/include/blkid -I/usr/include/uuid -I/usr/include/glib-2.0 -I/usr/lib/arm-linux-gnueabihf/glib-2.0/include    -g -O2  conftest.c >&5
configure:9964: $? = 0
configure:9964: result: yes
configure:9964: checking for unistd.h
configure:9964: gcc -c -I/usr/include/uuid -I/usr/include/arm-linux-gnueabihf -I/usr/include/arm-linux-gnueabihf -I/usr/include/arm-linux-gnueabihf -I/usr/include/arm-linux-gnueabihf   -pthread -I/usr/include/gio-unix-2.0 -I/usr/include/libmount -I/usr/include/blkid -I/usr/include/uuid -I/usr/include/glib-2.0 -I/usr/lib/arm-linux-gnueabihf/glib-2.0/include    -g -O2  conftest.c >&5
configure:9964: $? = 0
configure:9964: result: yes
configure:9978: checking getopt_long.h usability
configure:9978: gcc -c -I/usr/include/uuid -I/usr/include/arm-linux-gnueabihf -I/usr/include/arm-linux-gnueabihf -I/usr/include/arm-linux-gnueabihf -I/usr/include/arm-linux-gnueabihf   -pthread -I/usr/include/gio-unix-2.0 -I/usr/include/libmount -I/usr/include/blkid -I/usr/include/uuid -I/usr/include/glib-2.0 -I/usr/lib/arm-linux-gnueabihf/glib-2.0/include    -g -O2  conftest.c >&5
conftest.c:72:10: fatal error: getopt_long.h: No such file or directory
 #include <getopt_long.h>
          ^~~~~~~~~~~~~~~
compilation terminated.
configure:9978: $? = 1
configure: failed program was:
| /* confdefs.h */
| #define PACKAGE_NAME "shairport-sync"
| #define PACKAGE_TARNAME "shairport-sync"
| #define PACKAGE_VERSION "4.3.7"
| #define PACKAGE_STRING "shairport-sync 4.3.7"
| #define PACKAGE_BUGREPORT "4265913+mikebrady@users.noreply.github.com"
| #define PACKAGE_URL ""
| #define PACKAGE "shairport-sync"
| #define VERSION "4.3.7"
| #define CONFIG_USE_GIT_VERSION_STRING 1
| #define HAVE_LIBRT 1
| #define HAVE_LIBPTHREAD 1
| #define HAVE_LIBM 1
| #define CONFIG_LIBDAEMON 1
| #define CONFIG_OPENSSL 1
| #define CONFIG_SOXR 1
| #define CONFIG_AVAHI 1
| #define HAVE_LIBAVAHI_CLIENT 1
| #define HAVE_LIBAVAHI_COMMON 1
| #define CONFIG_ALSA 1
| #define CONFIG_DBUS_INTERFACE 1
| #define CONFIG_MPRIS_INTERFACE 1
| #define CONFIG_METADATA_HUB 1
| #define CONFIG_DACP_CLIENT 1
| #define CONFIG_METADATA 1
| #define CONFIG_AIRPLAY_2 1
| #define HAVE_LIBGCRYPT 1
| #define STDC_HEADERS 1
| #define HAVE_SYS_TYPES_H 1
| #define HAVE_SYS_STAT_H 1
| #define HAVE_STDLIB_H 1
| #define HAVE_STRING_H 1
| #define HAVE_MEMORY_H 1
| #define HAVE_STRINGS_H 1
| #define HAVE_INTTYPES_H 1
| #define HAVE_STDINT_H 1
| #define HAVE_UNISTD_H 1
| /* end confdefs.h.  */
| #include <stdio.h>
| #ifdef HAVE_SYS_TYPES_H
| # include <sys/types.h>
| #endif
| #ifdef HAVE_SYS_STAT_H
| # include <sys/stat.h>
| #endif
| #ifdef STDC_HEADERS
| # include <stdlib.h>
| # include <stddef.h>
| #else
| # ifdef HAVE_STDLIB_H
| #  include <stdlib.h>
| # endif
| #endif
| #ifdef HAVE_STRING_H
| # if !defined STDC_HEADERS && defined HAVE_MEMORY_H
| #  include <memory.h>
| # endif
| # include <string.h>
| #endif
| #ifdef HAVE_STRINGS_H
| # include <strings.h>
| #endif
| #ifdef HAVE_INTTYPES_H
| # include <inttypes.h>
| #endif
| #ifdef HAVE_STDINT_H
| # include <stdint.h>
| #endif
| #ifdef HAVE_UNISTD_H
| # include <unistd.h>
| #endif
| #include <getopt_long.h>
configure:9978: result: no
configure:9978: checking getopt_long.h presence
configure:9978: gcc -E  conftest.c
conftest.c:39:10: fatal error: getopt_long.h: No such file or directory
 #include <getopt_long.h>
          ^~~~~~~~~~~~~~~
compilation terminated.
configure:9978: $? = 1
configure: failed program was:
| /* confdefs.h */
| #define PACKAGE_NAME "shairport-sync"
| #define PACKAGE_TARNAME "shairport-sync"
| #define PACKAGE_VERSION "4.3.7"
| #define PACKAGE_STRING "shairport-sync 4.3.7"
| #define PACKAGE_BUGREPORT "4265913+mikebrady@users.noreply.github.com"
| #define PACKAGE_URL ""
| #define PACKAGE "shairport-sync"
| #define VERSION "4.3.7"
| #define CONFIG_USE_GIT_VERSION_STRING 1
| #define HAVE_LIBRT 1
| #define HAVE_LIBPTHREAD 1
| #define HAVE_LIBM 1
| #define CONFIG_LIBDAEMON 1
| #define CONFIG_OPENSSL 1
| #define CONFIG_SOXR 1
| #define CONFIG_AVAHI 1
| #define HAVE_LIBAVAHI_CLIENT 1
| #define HAVE_LIBAVAHI_COMMON 1
| #define CONFIG_ALSA 1
| #define CONFIG_DBUS_INTERFACE 1
| #define CONFIG_MPRIS_INTERFACE 1
| #define CONFIG_METADATA_HUB 1
| #define CONFIG_DACP_CLIENT 1
| #define CONFIG_METADATA 1
| #define CONFIG_AIRPLAY_2 1
| #define HAVE_LIBGCRYPT 1
| #define STDC_HEADERS 1
| #define HAVE_SYS_TYPES_H 1
| #define HAVE_SYS_STAT_H 1
| #define HAVE_STDLIB_H 1
| #define HAVE_STRING_H 1
| #define HAVE_MEMORY_H 1
| #define HAVE_STRINGS_H 1
| #define HAVE_INTTYPES_H 1
| #define HAVE_STDINT_H 1
| #define HAVE_UNISTD_H 1
| /* end confdefs.h.  */
| #include <getopt_long.h>
configure:9978: result: no
configure:9978: checking for getopt_long.h
configure:9978: result: no
configure:9991: checking arpa/inet.h usability
configure:9991: gcc -c -I/usr/include/uuid -I/usr/include/arm-linux-gnueabihf -I/usr/include/arm-linux-gnueabihf -I/usr/include/arm-linux-gnueabihf -I/usr/include/arm-linux-gnueabihf   -pthread -I/usr/include/gio-unix-2.0 -I/usr/include/libmount -I/usr/include/blkid -I/usr/include/uuid -I/usr/include/glib-2.0 -I/usr/lib/arm-linux-gnueabihf/glib-2.0/include    -g -O2  conftest.c >&5
configure:9991: $? = 0
configure:9991: result: yes
configure:9991: checking arpa/inet.h presence
configure:9991: gcc -E  conftest.c
configure:9991: $? = 0
configure:9991: result: yes
configure:9991: checking for arpa/inet.h
configure:9991: result: yes
configure:9991: checking fcntl.h usability
configure:9991: gcc -c -I/usr/include/uuid -I/usr/include/arm-linux-gnueabihf -I/usr/include/arm-linux-gnueabihf -I/usr/include/arm-linux-gnueabihf -I/usr/include/arm-linux-gnueabihf   -pthread -I/usr/include/gio-unix-2.0 -I/usr/include/libmount -I/usr/include/blkid -I/usr/include/uuid -I/usr/include/glib-2.0 -I/usr/lib/arm-linux-gnueabihf/glib-2.0/include    -g -O2  conftest.c >&5
configure:9991: $? = 0
configure:9991: result: yes
configure:9991: checking fcntl.h presence
configure:9991: gcc -E  conftest.c
configure:9991: $? = 0
configure:9991: result: yes
configure:9991: checking for fcntl.h
configure:9991: result: yes
configure:9991: checking limits.h usability
configure:9991: gcc -c -I/usr/include/uuid -I/usr/include/arm-linux-gnueabihf -I/usr/include/arm-linux-gnueabihf -I/usr/include/arm-linux-gnueabihf -I/usr/include/arm-linux-gnueabihf   -pthread -I/usr/include/gio-unix-2.0 -I/usr/include/libmount -I/usr/include/blkid -I/usr/include/uuid -I/usr/include/glib-2.0 -I/usr/lib/arm-linux-gnueabihf/glib-2.0/include    -g -O2  conftest.c >&5
configure:9991: $? = 0
configure:9991: result: yes
configure:9991: checking limits.h presence
configure:9991: gcc -E  conftest.c
configure:9991: $? = 0
configure:9991: result: yes
configure:9991: checking for limits.h
configure:9991: result: yes
configure:9991: checking mach/mach.h usability
configure:9991: gcc -c -I/usr/include/uuid -I/usr/include/arm-linux-gnueabihf -I/usr/include/arm-linux-gnueabihf -I/usr/include/arm-linux-gnueabihf -I/usr/include/arm-linux-gnueabihf   -pthread -I/usr/include/gio-unix-2.0 -I/usr/include/libmount -I/usr/include/blkid -I/usr/include/uuid -I/usr/include/glib-2.0 -I/usr/lib/arm-linux-gnueabihf/glib-2.0/include    -g -O2  conftest.c >&5
conftest.c:75:10: fatal error: mach/mach.h: No such file or directory
 #include <mach/mach.h>
          ^~~~~~~~~~~~~
compilation terminated.
configure:9991: $? = 1
configure: failed program was:
| /* confdefs.h */
| #define PACKAGE_NAME "shairport-sync"
| #define PACKAGE_TARNAME "shairport-sync"
| #define PACKAGE_VERSION "4.3.7"
| #define PACKAGE_STRING "shairport-sync 4.3.7"
| #define PACKAGE_BUGREPORT "4265913+mikebrady@users.noreply.github.com"
| #define PACKAGE_URL ""
| #define PACKAGE "shairport-sync"
| #define VERSION "4.3.7"
| #define CONFIG_USE_GIT_VERSION_STRING 1
| #define HAVE_LIBRT 1
| #define HAVE_LIBPTHREAD 1
| #define HAVE_LIBM 1
| #define CONFIG_LIBDAEMON 1
| #define CONFIG_OPENSSL 1
| #define CONFIG_SOXR 1
| #define CONFIG_AVAHI 1
| #define HAVE_LIBAVAHI_CLIENT 1
| #define HAVE_LIBAVAHI_COMMON 1
| #define CONFIG_ALSA 1
| #define CONFIG_DBUS_INTERFACE 1
| #define CONFIG_MPRIS_INTERFACE 1
| #define CONFIG_METADATA_HUB 1
| #define CONFIG_DACP_CLIENT 1
| #define CONFIG_METADATA 1
| #define CONFIG_AIRPLAY_2 1
| #define HAVE_LIBGCRYPT 1
| #define STDC_HEADERS 1
| #define HAVE_SYS_TYPES_H 1
| #define HAVE_SYS_STAT_H 1
| #define HAVE_STDLIB_H 1
| #define HAVE_STRING_H 1
| #define HAVE_MEMORY_H 1
| #define HAVE_STRINGS_H 1
| #define HAVE_INTTYPES_H 1
| #define HAVE_STDINT_H 1
| #define HAVE_UNISTD_H 1
| #define HAVE_ARPA_INET_H 1
| #define HAVE_FCNTL_H 1
| #define HAVE_LIMITS_H 1
| /* end confdefs.h.  */
| #include <stdio.h>
| #ifdef HAVE_SYS_TYPES_H
| # include <sys/types.h>
| #endif
| #ifdef HAVE_SYS_STAT_H
| # include <sys/stat.h>
| #endif
| #ifdef STDC_HEADERS
| # include <stdlib.h>
| # include <stddef.h>
| #else
| # ifdef HAVE_STDLIB_H
| #  include <stdlib.h>
| # endif
| #endif
| #ifdef HAVE_STRING_H
| # if !defined STDC_HEADERS && defined HAVE_MEMORY_H
| #  include <memory.h>
| # endif
| # include <string.h>
| #endif
| #ifdef HAVE_STRINGS_H
| # include <strings.h>
| #endif
| #ifdef HAVE_INTTYPES_H
| # include <inttypes.h>
| #endif
| #ifdef HAVE_STDINT_H
| # include <stdint.h>
| #endif
| #ifdef HAVE_UNISTD_H
| # include <unistd.h>
| #endif
| #include <mach/mach.h>
configure:9991: result: no
configure:9991: checking mach/mach.h presence
configure:9991: gcc -E  conftest.c
conftest.c:42:10: fatal error: mach/mach.h: No such file or directory
 #include <mach/mach.h>
          ^~~~~~~~~~~~~
compilation terminated.
configure:9991: $? = 1
configure: failed program was:
| /* confdefs.h */
| #define PACKAGE_NAME "shairport-sync"
| #define PACKAGE_TARNAME "shairport-sync"
| #define PACKAGE_VERSION "4.3.7"
| #define PACKAGE_STRING "shairport-sync 4.3.7"
| #define PACKAGE_BUGREPORT "4265913+mikebrady@users.noreply.github.com"
| #define PACKAGE_URL ""
| #define PACKAGE "shairport-sync"
| #define VERSION "4.3.7"
| #define CONFIG_USE_GIT_VERSION_STRING 1
| #define HAVE_LIBRT 1
| #define HAVE_LIBPTHREAD 1
| #define HAVE_LIBM 1
| #define CONFIG_LIBDAEMON 1
| #define CONFIG_OPENSSL 1
| #define CONFIG_SOXR 1
| #define CONFIG_AVAHI 1
| #define HAVE_LIBAVAHI_CLIENT 1
| #define HAVE_LIBAVAHI_COMMON 1
| #define CONFIG_ALSA 1
| #define CONFIG_DBUS_INTERFACE 1
| #define CONFIG_MPRIS_INTERFACE 1
| #define CONFIG_METADATA_HUB 1
| #define CONFIG_DACP_CLIENT 1
| #define CONFIG_METADATA 1
| #define CONFIG_AIRPLAY_2 1
| #define HAVE_LIBGCRYPT 1
| #define STDC_HEADERS 1
| #define HAVE_SYS_TYPES_H 1
| #define HAVE_SYS_STAT_H 1
| #define HAVE_STDLIB_H 1
| #define HAVE_STRING_H 1
| #define HAVE_MEMORY_H 1
| #define HAVE_STRINGS_H 1
| #define HAVE_INTTYPES_H 1
| #define HAVE_STDINT_H 1
| #define HAVE_UNISTD_H 1
| #define HAVE_ARPA_INET_H 1
| #define HAVE_FCNTL_H 1
| #define HAVE_LIMITS_H 1
| /* end confdefs.h.  */
| #include <mach/mach.h>
configure:9991: result: no
configure:9991: checking for mach/mach.h
configure:9991: result: no
configure:9991: checking for memory.h
configure:9991: result: yes
configure:9991: checking netdb.h usability
configure:9991: gcc -c -I/usr/include/uuid -I/usr/include/arm-linux-gnueabihf -I/usr/include/arm-linux-gnueabihf -I/usr/include/arm-linux-gnueabihf -I/usr/include/arm-linux-gnueabihf   -pthread -I/usr/include/gio-unix-2.0 -I/usr/include/libmount -I/usr/include/blkid -I/usr/include/uuid -I/usr/include/glib-2.0 -I/usr/lib/arm-linux-gnueabihf/glib-2.0/include    -g -O2  conftest.c >&5
configure:9991: $? = 0
configure:9991: result: yes
configure:9991: checking netdb.h presence
configure:9991: gcc -E  conftest.c
configure:9991: $? = 0
configure:9991: result: yes
configure:9991: checking for netdb.h
configure:9991: result: yes
configure:9991: checking netinet/in.h usability
configure:9991: gcc -c -I/usr/include/uuid -I/usr/include/arm-linux-gnueabihf -I/usr/include/arm-linux-gnueabihf -I/usr/include/arm-linux-gnueabihf -I/usr/include/arm-linux-gnueabihf   -pthread -I/usr/include/gio-unix-2.0 -I/usr/include/libmount -I/usr/include/blkid -I/usr/include/uuid -I/usr/include/glib-2.0 -I/usr/lib/arm-linux-gnueabihf/glib-2.0/include    -g -O2  conftest.c >&5
configure:9991: $? = 0
configure:9991: result: yes
configure:9991: checking netinet/in.h presence
configure:9991: gcc -E  conftest.c
configure:9991: $? = 0
configure:9991: result: yes
configure:9991: checking for netinet/in.h
configure:9991: result: yes
configure:9991: checking for stdint.h
configure:9991: result: yes
configure:9991: checking for stdlib.h
configure:9991: result: yes
configure:9991: checking for string.h
configure:9991: result: yes
configure:9991: checking sys/ioctl.h usability
configure:9991: gcc -c -I/usr/include/uuid -I/usr/include/arm-linux-gnueabihf -I/usr/include/arm-linux-gnueabihf -I/usr/include/arm-linux-gnueabihf -I/usr/include/arm-linux-gnueabihf   -pthread -I/usr/include/gio-unix-2.0 -I/usr/include/libmount -I/usr/include/blkid -I/usr/include/uuid -I/usr/include/glib-2.0 -I/usr/lib/arm-linux-gnueabihf/glib-2.0/include    -g -O2  conftest.c >&5
configure:9991: $? = 0
configure:9991: result: yes
configure:9991: checking sys/ioctl.h presence
configure:9991: gcc -E  conftest.c
configure:9991: $? = 0
configure:9991: result: yes
configure:9991: checking for sys/ioctl.h
configure:9991: result: yes
configure:9991: checking sys/socket.h usability
configure:9991: gcc -c -I/usr/include/uuid -I/usr/include/arm-linux-gnueabihf -I/usr/include/arm-linux-gnueabihf -I/usr/include/arm-linux-gnueabihf -I/usr/include/arm-linux-gnueabihf   -pthread -I/usr/include/gio-unix-2.0 -I/usr/include/libmount -I/usr/include/blkid -I/usr/include/uuid -I/usr/include/glib-2.0 -I/usr/lib/arm-linux-gnueabihf/glib-2.0/include    -g -O2  conftest.c >&5
configure:9991: $? = 0
configure:9991: result: yes
configure:9991: checking sys/socket.h presence
configure:9991: gcc -E  conftest.c
configure:9991: $? = 0
configure:9991: result: yes
configure:9991: checking for sys/socket.h
configure:9991: result: yes
configure:9991: checking sys/time.h usability
configure:9991: gcc -c -I/usr/include/uuid -I/usr/include/arm-linux-gnueabihf -I/usr/include/arm-linux-gnueabihf -I/usr/include/arm-linux-gnueabihf -I/usr/include/arm-linux-gnueabihf   -pthread -I/usr/include/gio-unix-2.0 -I/usr/include/libmount -I/usr/include/blkid -I/usr/include/uuid -I/usr/include/glib-2.0 -I/usr/lib/arm-linux-gnueabihf/glib-2.0/include    -g -O2  conftest.c >&5
configure:9991: $? = 0
configure:9991: result: yes
configure:9991: checking sys/time.h presence
configure:9991: gcc -E  conftest.c
configure:9991: $? = 0
configure:9991: result: yes
configure:9991: checking for sys/time.h
configure:9991: result: yes
configure:9991: checking syslog.h usability
configure:9991: gcc -c -I/usr/include/uuid -I/usr/include/arm-linux-gnueabihf -I/usr/include/arm-linux-gnueabihf -I/usr/include/arm-linux-gnueabihf -I/usr/include/arm-linux-gnueabihf   -pthread -I/usr/include/gio-unix-2.0 -I/usr/include/libmount -I/usr/include/blkid -I/usr/include/uuid -I/usr/include/glib-2.0 -I/usr/lib/arm-linux-gnueabihf/glib-2.0/include    -g -O2  conftest.c >&5
configure:9991: $? = 0
configure:9991: result: yes
configure:9991: checking syslog.h presence
configure:9991: gcc -E  conftest.c
configure:9991: $? = 0
configure:9991: result: yes
configure:9991: checking for syslog.h
configure:9991: result: yes
configure:9991: checking for unistd.h
configure:9991: result: yes
configure:10003: checking for inline
configure:10019: gcc -c -I/usr/include/uuid -I/usr/include/arm-linux-gnueabihf -I/usr/include/arm-linux-gnueabihf -I/usr/include/arm-linux-gnueabihf -I/usr/include/arm-linux-gnueabihf   -pthread -I/usr/include/gio-unix-2.0 -I/usr/include/libmount -I/usr/include/blkid -I/usr/include/uuid -I/usr/include/glib-2.0 -I/usr/lib/arm-linux-gnueabihf/glib-2.0/include    -g -O2  conftest.c >&5
configure:10019: $? = 0
configure:10027: result: inline
configure:10045: checking for int16_t
configure:10045: gcc -c -I/usr/include/uuid -I/usr/include/arm-linux-gnueabihf -I/usr/include/arm-linux-gnueabihf -I/usr/include/arm-linux-gnueabihf -I/usr/include/arm-linux-gnueabihf   -pthread -I/usr/include/gio-unix-2.0 -I/usr/include/libmount -I/usr/include/blkid -I/usr/include/uuid -I/usr/include/glib-2.0 -I/usr/lib/arm-linux-gnueabihf/glib-2.0/include    -g -O2  conftest.c >&5
configure:10045: $? = 0
configure:10045: gcc -c -I/usr/include/uuid -I/usr/include/arm-linux-gnueabihf -I/usr/include/arm-linux-gnueabihf -I/usr/include/arm-linux-gnueabihf -I/usr/include/arm-linux-gnueabihf   -pthread -I/usr/include/gio-unix-2.0 -I/usr/include/libmount -I/usr/include/blkid -I/usr/include/uuid -I/usr/include/glib-2.0 -I/usr/lib/arm-linux-gnueabihf/glib-2.0/include    -g -O2  conftest.c >&5
conftest.c: In function 'main':
conftest.c:90:12: error: size of array 'test_array' is negative
 static int test_array [1 - 2 * !((int16_t) (((((int16_t) 1 << N) << N) - 1) * 2 + 1)
            ^~~~~~~~~~
configure:10045: $? = 1
configure: failed program was:
| /* confdefs.h */
| #define PACKAGE_NAME "shairport-sync"
| #define PACKAGE_TARNAME "shairport-sync"
| #define PACKAGE_VERSION "4.3.7"
| #define PACKAGE_STRING "shairport-sync 4.3.7"
| #define PACKAGE_BUGREPORT "4265913+mikebrady@users.noreply.github.com"
| #define PACKAGE_URL ""
| #define PACKAGE "shairport-sync"
| #define VERSION "4.3.7"
| #define CONFIG_USE_GIT_VERSION_STRING 1
| #define HAVE_LIBRT 1
| #define HAVE_LIBPTHREAD 1
| #define HAVE_LIBM 1
| #define CONFIG_LIBDAEMON 1
| #define CONFIG_OPENSSL 1
| #define CONFIG_SOXR 1
| #define CONFIG_AVAHI 1
| #define HAVE_LIBAVAHI_CLIENT 1
| #define HAVE_LIBAVAHI_COMMON 1
| #define CONFIG_ALSA 1
| #define CONFIG_DBUS_INTERFACE 1
| #define CONFIG_MPRIS_INTERFACE 1
| #define CONFIG_METADATA_HUB 1
| #define CONFIG_DACP_CLIENT 1
| #define CONFIG_METADATA 1
| #define CONFIG_AIRPLAY_2 1
| #define HAVE_LIBGCRYPT 1
| #define STDC_HEADERS 1
| #define HAVE_SYS_TYPES_H 1
| #define HAVE_SYS_STAT_H 1
| #define HAVE_STDLIB_H 1
| #define HAVE_STRING_H 1
| #define HAVE_MEMORY_H 1
| #define HAVE_STRINGS_H 1
| #define HAVE_INTTYPES_H 1
| #define HAVE_STDINT_H 1
| #define HAVE_UNISTD_H 1
| #define HAVE_ARPA_INET_H 1
| #define HAVE_FCNTL_H 1
| #define HAVE_LIMITS_H 1
| #define HAVE_MEMORY_H 1
| #define HAVE_NETDB_H 1
| #define HAVE_NETINET_IN_H 1
| #define HAVE_STDINT_H 1
| #define HAVE_STDLIB_H 1
| #define HAVE_STRING_H 1
| #define HAVE_SYS_IOCTL_H 1
| #define HAVE_SYS_SOCKET_H 1
| #define HAVE_SYS_TIME_H 1
| #define HAVE_SYSLOG_H 1
| #define HAVE_UNISTD_H 1
| /* end confdefs.h.  */
| #include <stdio.h>
| #ifdef HAVE_SYS_TYPES_H
| # include <sys/types.h>
| #endif
| #ifdef HAVE_SYS_STAT_H
| # include <sys/stat.h>
| #endif
| #ifdef STDC_HEADERS
| # include <stdlib.h>
| # include <stddef.h>
| #else
| # ifdef HAVE_STDLIB_H
| #  include <stdlib.h>
| # endif
| #endif
| #ifdef HAVE_STRING_H
| # if !defined STDC_HEADERS && defined HAVE_MEMORY_H
| #  include <memory.h>
| # endif
| # include <string.h>
| #endif
| #ifdef HAVE_STRINGS_H
| # include <strings.h>
| #endif
| #ifdef HAVE_INTTYPES_H
| # include <inttypes.h>
| #endif
| #ifdef HAVE_STDINT_H
| # include <stdint.h>
| #endif
| #ifdef HAVE_UNISTD_H
| # include <unistd.h>
| #endif
| 	        enum { N = 16 / 2 - 1 };
| int
| main ()
| {
| static int test_array [1 - 2 * !((int16_t) (((((int16_t) 1 << N) << N) - 1) * 2 + 1)
| 		 < (int16_t) (((((int16_t) 1 << N) << N) - 1) * 2 + 2))];
| test_array [0] = 0;
| return test_array [0];
| 
|   ;
|   return 0;
| }
configure:10045: result: yes
configure:10056: checking for int32_t
configure:10056: gcc -c -I/usr/include/uuid -I/usr/include/arm-linux-gnueabihf -I/usr/include/arm-linux-gnueabihf -I/usr/include/arm-linux-gnueabihf -I/usr/include/arm-linux-gnueabihf   -pthread -I/usr/include/gio-unix-2.0 -I/usr/include/libmount -I/usr/include/blkid -I/usr/include/uuid -I/usr/include/glib-2.0 -I/usr/lib/arm-linux-gnueabihf/glib-2.0/include    -g -O2  conftest.c >&5
configure:10056: $? = 0
configure:10056: gcc -c -I/usr/include/uuid -I/usr/include/arm-linux-gnueabihf -I/usr/include/arm-linux-gnueabihf -I/usr/include/arm-linux-gnueabihf -I/usr/include/arm-linux-gnueabihf   -pthread -I/usr/include/gio-unix-2.0 -I/usr/include/libmount -I/usr/include/blkid -I/usr/include/uuid -I/usr/include/glib-2.0 -I/usr/lib/arm-linux-gnueabihf/glib-2.0/include    -g -O2  conftest.c >&5
conftest.c: In function 'main':
conftest.c:91:53: warning: integer overflow in expression of type 'int' results in '-2147483648' [-Woverflow]
    < (int32_t) (((((int32_t) 1 << N) << N) - 1) * 2 + 2))];
                                                     ^
conftest.c:90:12: error: storage size of 'test_array' isn't constant
 static int test_array [1 - 2 * !((int32_t) (((((int32_t) 1 << N) << N) - 1) * 2 + 1)
            ^~~~~~~~~~
configure:10056: $? = 1
configure: failed program was:
| /* confdefs.h */
| #define PACKAGE_NAME "shairport-sync"
| #define PACKAGE_TARNAME "shairport-sync"
| #define PACKAGE_VERSION "4.3.7"
| #define PACKAGE_STRING "shairport-sync 4.3.7"
| #define PACKAGE_BUGREPORT "4265913+mikebrady@users.noreply.github.com"
| #define PACKAGE_URL ""
| #define PACKAGE "shairport-sync"
| #define VERSION "4.3.7"
| #define CONFIG_USE_GIT_VERSION_STRING 1
| #define HAVE_LIBRT 1
| #define HAVE_LIBPTHREAD 1
| #define HAVE_LIBM 1
| #define CONFIG_LIBDAEMON 1
| #define CONFIG_OPENSSL 1
| #define CONFIG_SOXR 1
| #define CONFIG_AVAHI 1
| #define HAVE_LIBAVAHI_CLIENT 1
| #define HAVE_LIBAVAHI_COMMON 1
| #define CONFIG_ALSA 1
| #define CONFIG_DBUS_INTERFACE 1
| #define CONFIG_MPRIS_INTERFACE 1
| #define CONFIG_METADATA_HUB 1
| #define CONFIG_DACP_CLIENT 1
| #define CONFIG_METADATA 1
| #define CONFIG_AIRPLAY_2 1
| #define HAVE_LIBGCRYPT 1
| #define STDC_HEADERS 1
| #define HAVE_SYS_TYPES_H 1
| #define HAVE_SYS_STAT_H 1
| #define HAVE_STDLIB_H 1
| #define HAVE_STRING_H 1
| #define HAVE_MEMORY_H 1
| #define HAVE_STRINGS_H 1
| #define HAVE_INTTYPES_H 1
| #define HAVE_STDINT_H 1
| #define HAVE_UNISTD_H 1
| #define HAVE_ARPA_INET_H 1
| #define HAVE_FCNTL_H 1
| #define HAVE_LIMITS_H 1
| #define HAVE_MEMORY_H 1
| #define HAVE_NETDB_H 1
| #define HAVE_NETINET_IN_H 1
| #define HAVE_STDINT_H 1
| #define HAVE_STDLIB_H 1
| #define HAVE_STRING_H 1
| #define HAVE_SYS_IOCTL_H 1
| #define HAVE_SYS_SOCKET_H 1
| #define HAVE_SYS_TIME_H 1
| #define HAVE_SYSLOG_H 1
| #define HAVE_UNISTD_H 1
| /* end confdefs.h.  */
| #include <stdio.h>
| #ifdef HAVE_SYS_TYPES_H
| # include <sys/types.h>
| #endif
| #ifdef HAVE_SYS_STAT_H
| # include <sys/stat.h>
| #endif
| #ifdef STDC_HEADERS
| # include <stdlib.h>
| # include <stddef.h>
| #else
| # ifdef HAVE_STDLIB_H
| #  include <stdlib.h>
| # endif
| #endif
| #ifdef HAVE_STRING_H
| # if !defined STDC_HEADERS && defined HAVE_MEMORY_H
| #  include <memory.h>
| # endif
| # include <string.h>
| #endif
| #ifdef HAVE_STRINGS_H
| # include <strings.h>
| #endif
| #ifdef HAVE_INTTYPES_H
| # include <inttypes.h>
| #endif
| #ifdef HAVE_STDINT_H
| # include <stdint.h>
| #endif
| #ifdef HAVE_UNISTD_H
| # include <unistd.h>
| #endif
| 	        enum { N = 32 / 2 - 1 };
| int
| main ()
| {
| static int test_array [1 - 2 * !((int32_t) (((((int32_t) 1 << N) << N) - 1) * 2 + 1)
| 		 < (int32_t) (((((int32_t) 1 << N) << N) - 1) * 2 + 2))];
| test_array [0] = 0;
| return test_array [0];
| 
|   ;
|   return 0;
| }
configure:10056: result: yes
configure:10067: checking for int64_t
configure:10067: gcc -c -I/usr/include/uuid -I/usr/include/arm-linux-gnueabihf -I/usr/include/arm-linux-gnueabihf -I/usr/include/arm-linux-gnueabihf -I/usr/include/arm-linux-gnueabihf   -pthread -I/usr/include/gio-unix-2.0 -I/usr/include/libmount -I/usr/include/blkid -I/usr/include/uuid -I/usr/include/glib-2.0 -I/usr/lib/arm-linux-gnueabihf/glib-2.0/include    -g -O2  conftest.c >&5
configure:10067: $? = 0
configure:10067: gcc -c -I/usr/include/uuid -I/usr/include/arm-linux-gnueabihf -I/usr/include/arm-linux-gnueabihf -I/usr/include/arm-linux-gnueabihf -I/usr/include/arm-linux-gnueabihf   -pthread -I/usr/include/gio-unix-2.0 -I/usr/include/libmount -I/usr/include/blkid -I/usr/include/uuid -I/usr/include/glib-2.0 -I/usr/lib/arm-linux-gnueabihf/glib-2.0/include    -g -O2  conftest.c >&5
conftest.c: In function 'main':
conftest.c:91:53: warning: integer overflow in expression of type 'long long int' results in '-9223372036854775808' [-Woverflow]
    < (int64_t) (((((int64_t) 1 << N) << N) - 1) * 2 + 2))];
                                                     ^
conftest.c:90:12: error: storage size of 'test_array' isn't constant
 static int test_array [1 - 2 * !((int64_t) (((((int64_t) 1 << N) << N) - 1) * 2 + 1)
            ^~~~~~~~~~
configure:10067: $? = 1
configure: failed program was:
| /* confdefs.h */
| #define PACKAGE_NAME "shairport-sync"
| #define PACKAGE_TARNAME "shairport-sync"
| #define PACKAGE_VERSION "4.3.7"
| #define PACKAGE_STRING "shairport-sync 4.3.7"
| #define PACKAGE_BUGREPORT "4265913+mikebrady@users.noreply.github.com"
| #define PACKAGE_URL ""
| #define PACKAGE "shairport-sync"
| #define VERSION "4.3.7"
| #define CONFIG_USE_GIT_VERSION_STRING 1
| #define HAVE_LIBRT 1
| #define HAVE_LIBPTHREAD 1
| #define HAVE_LIBM 1
| #define CONFIG_LIBDAEMON 1
| #define CONFIG_OPENSSL 1
| #define CONFIG_SOXR 1
| #define CONFIG_AVAHI 1
| #define HAVE_LIBAVAHI_CLIENT 1
| #define HAVE_LIBAVAHI_COMMON 1
| #define CONFIG_ALSA 1
| #define CONFIG_DBUS_INTERFACE 1
| #define CONFIG_MPRIS_INTERFACE 1
| #define CONFIG_METADATA_HUB 1
| #define CONFIG_DACP_CLIENT 1
| #define CONFIG_METADATA 1
| #define CONFIG_AIRPLAY_2 1
| #define HAVE_LIBGCRYPT 1
| #define STDC_HEADERS 1
| #define HAVE_SYS_TYPES_H 1
| #define HAVE_SYS_STAT_H 1
| #define HAVE_STDLIB_H 1
| #define HAVE_STRING_H 1
| #define HAVE_MEMORY_H 1
| #define HAVE_STRINGS_H 1
| #define HAVE_INTTYPES_H 1
| #define HAVE_STDINT_H 1
| #define HAVE_UNISTD_H 1
| #define HAVE_ARPA_INET_H 1
| #define HAVE_FCNTL_H 1
| #define HAVE_LIMITS_H 1
| #define HAVE_MEMORY_H 1
| #define HAVE_NETDB_H 1
| #define HAVE_NETINET_IN_H 1
| #define HAVE_STDINT_H 1
| #define HAVE_STDLIB_H 1
| #define HAVE_STRING_H 1
| #define HAVE_SYS_IOCTL_H 1
| #define HAVE_SYS_SOCKET_H 1
| #define HAVE_SYS_TIME_H 1
| #define HAVE_SYSLOG_H 1
| #define HAVE_UNISTD_H 1
| /* end confdefs.h.  */
| #include <stdio.h>
| #ifdef HAVE_SYS_TYPES_H
| # include <sys/types.h>
| #endif
| #ifdef HAVE_SYS_STAT_H
| # include <sys/stat.h>
| #endif
| #ifdef STDC_HEADERS
| # include <stdlib.h>
| # include <stddef.h>
| #else
| # ifdef HAVE_STDLIB_H
| #  include <stdlib.h>
| # endif
| #endif
| #ifdef HAVE_STRING_H
| # if !defined STDC_HEADERS && defined HAVE_MEMORY_H
| #  include <memory.h>
| # endif
| # include <string.h>
| #endif
| #ifdef HAVE_STRINGS_H
| # include <strings.h>
| #endif
| #ifdef HAVE_INTTYPES_H
| # include <inttypes.h>
| #endif
| #ifdef HAVE_STDINT_H
| # include <stdint.h>
| #endif
| #ifdef HAVE_UNISTD_H
| # include <unistd.h>
| #endif
| 	        enum { N = 64 / 2 - 1 };
| int
| main ()
| {
| static int test_array [1 - 2 * !((int64_t) (((((int64_t) 1 << N) << N) - 1) * 2 + 1)
| 		 < (int64_t) (((((int64_t) 1 << N) << N) - 1) * 2 + 2))];
| test_array [0] = 0;
| return test_array [0];
| 
|   ;
|   return 0;
| }
configure:10067: result: yes
configure:10078: checking for pid_t
configure:10078: gcc -c -I/usr/include/uuid -I/usr/include/arm-linux-gnueabihf -I/usr/include/arm-linux-gnueabihf -I/usr/include/arm-linux-gnueabihf -I/usr/include/arm-linux-gnueabihf   -pthread -I/usr/include/gio-unix-2.0 -I/usr/include/libmount -I/usr/include/blkid -I/usr/include/uuid -I/usr/include/glib-2.0 -I/usr/lib/arm-linux-gnueabihf/glib-2.0/include    -g -O2  conftest.c >&5
configure:10078: $? = 0
configure:10078: gcc -c -I/usr/include/uuid -I/usr/include/arm-linux-gnueabihf -I/usr/include/arm-linux-gnueabihf -I/usr/include/arm-linux-gnueabihf -I/usr/include/arm-linux-gnueabihf   -pthread -I/usr/include/gio-unix-2.0 -I/usr/include/libmount -I/usr/include/blkid -I/usr/include/uuid -I/usr/include/glib-2.0 -I/usr/lib/arm-linux-gnueabihf/glib-2.0/include    -g -O2  conftest.c >&5
conftest.c: In function 'main':
conftest.c:89:20: error: expected expression before ')' token
 if (sizeof ((pid_t)))
                    ^
configure:10078: $? = 1
configure: failed program was:
| /* confdefs.h */
| #define PACKAGE_NAME "shairport-sync"
| #define PACKAGE_TARNAME "shairport-sync"
| #define PACKAGE_VERSION "4.3.7"
| #define PACKAGE_STRING "shairport-sync 4.3.7"
| #define PACKAGE_BUGREPORT "4265913+mikebrady@users.noreply.github.com"
| #define PACKAGE_URL ""
| #define PACKAGE "shairport-sync"
| #define VERSION "4.3.7"
| #define CONFIG_USE_GIT_VERSION_STRING 1
| #define HAVE_LIBRT 1
| #define HAVE_LIBPTHREAD 1
| #define HAVE_LIBM 1
| #define CONFIG_LIBDAEMON 1
| #define CONFIG_OPENSSL 1
| #define CONFIG_SOXR 1
| #define CONFIG_AVAHI 1
| #define HAVE_LIBAVAHI_CLIENT 1
| #define HAVE_LIBAVAHI_COMMON 1
| #define CONFIG_ALSA 1
| #define CONFIG_DBUS_INTERFACE 1
| #define CONFIG_MPRIS_INTERFACE 1
| #define CONFIG_METADATA_HUB 1
| #define CONFIG_DACP_CLIENT 1
| #define CONFIG_METADATA 1
| #define CONFIG_AIRPLAY_2 1
| #define HAVE_LIBGCRYPT 1
| #define STDC_HEADERS 1
| #define HAVE_SYS_TYPES_H 1
| #define HAVE_SYS_STAT_H 1
| #define HAVE_STDLIB_H 1
| #define HAVE_STRING_H 1
| #define HAVE_MEMORY_H 1
| #define HAVE_STRINGS_H 1
| #define HAVE_INTTYPES_H 1
| #define HAVE_STDINT_H 1
| #define HAVE_UNISTD_H 1
| #define HAVE_ARPA_INET_H 1
| #define HAVE_FCNTL_H 1
| #define HAVE_LIMITS_H 1
| #define HAVE_MEMORY_H 1
| #define HAVE_NETDB_H 1
| #define HAVE_NETINET_IN_H 1
| #define HAVE_STDINT_H 1
| #define HAVE_STDLIB_H 1
| #define HAVE_STRING_H 1
| #define HAVE_SYS_IOCTL_H 1
| #define HAVE_SYS_SOCKET_H 1
| #define HAVE_SYS_TIME_H 1
| #define HAVE_SYSLOG_H 1
| #define HAVE_UNISTD_H 1
| /* end confdefs.h.  */
| #include <stdio.h>
| #ifdef HAVE_SYS_TYPES_H
| # include <sys/types.h>
| #endif
| #ifdef HAVE_SYS_STAT_H
| # include <sys/stat.h>
| #endif
| #ifdef STDC_HEADERS
| # include <stdlib.h>
| # include <stddef.h>
| #else
| # ifdef HAVE_STDLIB_H
| #  include <stdlib.h>
| # endif
| #endif
| #ifdef HAVE_STRING_H
| # if !defined STDC_HEADERS && defined HAVE_MEMORY_H
| #  include <memory.h>
| # endif
| # include <string.h>
| #endif
| #ifdef HAVE_STRINGS_H
| # include <strings.h>
| #endif
| #ifdef HAVE_INTTYPES_H
| # include <inttypes.h>
| #endif
| #ifdef HAVE_STDINT_H
| # include <stdint.h>
| #endif
| #ifdef HAVE_UNISTD_H
| # include <unistd.h>
| #endif
| int
| main ()
| {
| if (sizeof ((pid_t)))
| 	    return 0;
|   ;
|   return 0;
| }
configure:10078: result: yes
configure:10089: checking for size_t
configure:10089: gcc -c -I/usr/include/uuid -I/usr/include/arm-linux-gnueabihf -I/usr/include/arm-linux-gnueabihf -I/usr/include/arm-linux-gnueabihf -I/usr/include/arm-linux-gnueabihf   -pthread -I/usr/include/gio-unix-2.0 -I/usr/include/libmount -I/usr/include/blkid -I/usr/include/uuid -I/usr/include/glib-2.0 -I/usr/lib/arm-linux-gnueabihf/glib-2.0/include    -g -O2  conftest.c >&5
configure:10089: $? = 0
configure:10089: gcc -c -I/usr/include/uuid -I/usr/include/arm-linux-gnueabihf -I/usr/include/arm-linux-gnueabihf -I/usr/include/arm-linux-gnueabihf -I/usr/include/arm-linux-gnueabihf   -pthread -I/usr/include/gio-unix-2.0 -I/usr/include/libmount -I/usr/include/blkid -I/usr/include/uuid -I/usr/include/glib-2.0 -I/usr/lib/arm-linux-gnueabihf/glib-2.0/include    -g -O2  conftest.c >&5
conftest.c: In function 'main':
conftest.c:89:21: error: expected expression before ')' token
 if (sizeof ((size_t)))
                     ^
configure:10089: $? = 1
configure: failed program was:
| /* confdefs.h */
| #define PACKAGE_NAME "shairport-sync"
| #define PACKAGE_TARNAME "shairport-sync"
| #define PACKAGE_VERSION "4.3.7"
| #define PACKAGE_STRING "shairport-sync 4.3.7"
| #define PACKAGE_BUGREPORT "4265913+mikebrady@users.noreply.github.com"
| #define PACKAGE_URL ""
| #define PACKAGE "shairport-sync"
| #define VERSION "4.3.7"
| #define CONFIG_USE_GIT_VERSION_STRING 1
| #define HAVE_LIBRT 1
| #define HAVE_LIBPTHREAD 1
| #define HAVE_LIBM 1
| #define CONFIG_LIBDAEMON 1
| #define CONFIG_OPENSSL 1
| #define CONFIG_SOXR 1
| #define CONFIG_AVAHI 1
| #define HAVE_LIBAVAHI_CLIENT 1
| #define HAVE_LIBAVAHI_COMMON 1
| #define CONFIG_ALSA 1
| #define CONFIG_DBUS_INTERFACE 1
| #define CONFIG_MPRIS_INTERFACE 1
| #define CONFIG_METADATA_HUB 1
| #define CONFIG_DACP_CLIENT 1
| #define CONFIG_METADATA 1
| #define CONFIG_AIRPLAY_2 1
| #define HAVE_LIBGCRYPT 1
| #define STDC_HEADERS 1
| #define HAVE_SYS_TYPES_H 1
| #define HAVE_SYS_STAT_H 1
| #define HAVE_STDLIB_H 1
| #define HAVE_STRING_H 1
| #define HAVE_MEMORY_H 1
| #define HAVE_STRINGS_H 1
| #define HAVE_INTTYPES_H 1
| #define HAVE_STDINT_H 1
| #define HAVE_UNISTD_H 1
| #define HAVE_ARPA_INET_H 1
| #define HAVE_FCNTL_H 1
| #define HAVE_LIMITS_H 1
| #define HAVE_MEMORY_H 1
| #define HAVE_NETDB_H 1
| #define HAVE_NETINET_IN_H 1
| #define HAVE_STDINT_H 1
| #define HAVE_STDLIB_H 1
| #define HAVE_STRING_H 1
| #define HAVE_SYS_IOCTL_H 1
| #define HAVE_SYS_SOCKET_H 1
| #define HAVE_SYS_TIME_H 1
| #define HAVE_SYSLOG_H 1
| #define HAVE_UNISTD_H 1
| /* end confdefs.h.  */
| #include <stdio.h>
| #ifdef HAVE_SYS_TYPES_H
| # include <sys/types.h>
| #endif
| #ifdef HAVE_SYS_STAT_H
| # include <sys/stat.h>
| #endif
| #ifdef STDC_HEADERS
| # include <stdlib.h>
| # include <stddef.h>
| #else
| # ifdef HAVE_STDLIB_H
| #  include <stdlib.h>
| # endif
| #endif
| #ifdef HAVE_STRING_H
| # if !defined STDC_HEADERS && defined HAVE_MEMORY_H
| #  include <memory.h>
| # endif
| # include <string.h>
| #endif
| #ifdef HAVE_STRINGS_H
| # include <strings.h>
| #endif
| #ifdef HAVE_INTTYPES_H
| # include <inttypes.h>
| #endif
| #ifdef HAVE_STDINT_H
| # include <stdint.h>
| #endif
| #ifdef HAVE_UNISTD_H
| # include <unistd.h>
| #endif
| int
| main ()
| {
| if (sizeof ((size_t)))
| 	    return 0;
|   ;
|   return 0;
| }
configure:10089: result: yes
configure:10100: checking for ssize_t
configure:10100: gcc -c -I/usr/include/uuid -I/usr/include/arm-linux-gnueabihf -I/usr/include/arm-linux-gnueabihf -I/usr/include/arm-linux-gnueabihf -I/usr/include/arm-linux-gnueabihf   -pthread -I/usr/include/gio-unix-2.0 -I/usr/include/libmount -I/usr/include/blkid -I/usr/include/uuid -I/usr/include/glib-2.0 -I/usr/lib/arm-linux-gnueabihf/glib-2.0/include    -g -O2  conftest.c >&5
configure:10100: $? = 0
configure:10100: gcc -c -I/usr/include/uuid -I/usr/include/arm-linux-gnueabihf -I/usr/include/arm-linux-gnueabihf -I/usr/include/arm-linux-gnueabihf -I/usr/include/arm-linux-gnueabihf   -pthread -I/usr/include/gio-unix-2.0 -I/usr/include/libmount -I/usr/include/blkid -I/usr/include/uuid -I/usr/include/glib-2.0 -I/usr/lib/arm-linux-gnueabihf/glib-2.0/include    -g -O2  conftest.c >&5
conftest.c: In function 'main':
conftest.c:89:22: error: expected expression before ')' token
 if (sizeof ((ssize_t)))
                      ^
configure:10100: $? = 1
configure: failed program was:
| /* confdefs.h */
| #define PACKAGE_NAME "shairport-sync"
| #define PACKAGE_TARNAME "shairport-sync"
| #define PACKAGE_VERSION "4.3.7"
| #define PACKAGE_STRING "shairport-sync 4.3.7"
| #define PACKAGE_BUGREPORT "4265913+mikebrady@users.noreply.github.com"
| #define PACKAGE_URL ""
| #define PACKAGE "shairport-sync"
| #define VERSION "4.3.7"
| #define CONFIG_USE_GIT_VERSION_STRING 1
| #define HAVE_LIBRT 1
| #define HAVE_LIBPTHREAD 1
| #define HAVE_LIBM 1
| #define CONFIG_LIBDAEMON 1
| #define CONFIG_OPENSSL 1
| #define CONFIG_SOXR 1
| #define CONFIG_AVAHI 1
| #define HAVE_LIBAVAHI_CLIENT 1
| #define HAVE_LIBAVAHI_COMMON 1
| #define CONFIG_ALSA 1
| #define CONFIG_DBUS_INTERFACE 1
| #define CONFIG_MPRIS_INTERFACE 1
| #define CONFIG_METADATA_HUB 1
| #define CONFIG_DACP_CLIENT 1
| #define CONFIG_METADATA 1
| #define CONFIG_AIRPLAY_2 1
| #define HAVE_LIBGCRYPT 1
| #define STDC_HEADERS 1
| #define HAVE_SYS_TYPES_H 1
| #define HAVE_SYS_STAT_H 1
| #define HAVE_STDLIB_H 1
| #define HAVE_STRING_H 1
| #define HAVE_MEMORY_H 1
| #define HAVE_STRINGS_H 1
| #define HAVE_INTTYPES_H 1
| #define HAVE_STDINT_H 1
| #define HAVE_UNISTD_H 1
| #define HAVE_ARPA_INET_H 1
| #define HAVE_FCNTL_H 1
| #define HAVE_LIMITS_H 1
| #define HAVE_MEMORY_H 1
| #define HAVE_NETDB_H 1
| #define HAVE_NETINET_IN_H 1
| #define HAVE_STDINT_H 1
| #define HAVE_STDLIB_H 1
| #define HAVE_STRING_H 1
| #define HAVE_SYS_IOCTL_H 1
| #define HAVE_SYS_SOCKET_H 1
| #define HAVE_SYS_TIME_H 1
| #define HAVE_SYSLOG_H 1
| #define HAVE_UNISTD_H 1
| /* end confdefs.h.  */
| #include <stdio.h>
| #ifdef HAVE_SYS_TYPES_H
| # include <sys/types.h>
| #endif
| #ifdef HAVE_SYS_STAT_H
| # include <sys/stat.h>
| #endif
| #ifdef STDC_HEADERS
| # include <stdlib.h>
| # include <stddef.h>
| #else
| # ifdef HAVE_STDLIB_H
| #  include <stdlib.h>
| # endif
| #endif
| #ifdef HAVE_STRING_H
| # if !defined STDC_HEADERS && defined HAVE_MEMORY_H
| #  include <memory.h>
| # endif
| # include <string.h>
| #endif
| #ifdef HAVE_STRINGS_H
| # include <strings.h>
| #endif
| #ifdef HAVE_INTTYPES_H
| # include <inttypes.h>
| #endif
| #ifdef HAVE_STDINT_H
| # include <stdint.h>
| #endif
| #ifdef HAVE_UNISTD_H
| # include <unistd.h>
| #endif
| int
| main ()
| {
| if (sizeof ((ssize_t)))
| 	    return 0;
|   ;
|   return 0;
| }
configure:10100: result: yes
configure:10111: checking for uint16_t
configure:10111: gcc -c -I/usr/include/uuid -I/usr/include/arm-linux-gnueabihf -I/usr/include/arm-linux-gnueabihf -I/usr/include/arm-linux-gnueabihf -I/usr/include/arm-linux-gnueabihf   -pthread -I/usr/include/gio-unix-2.0 -I/usr/include/libmount -I/usr/include/blkid -I/usr/include/uuid -I/usr/include/glib-2.0 -I/usr/lib/arm-linux-gnueabihf/glib-2.0/include    -g -O2  conftest.c >&5
configure:10111: $? = 0
configure:10111: result: yes
configure:10123: checking for uint32_t
configure:10123: gcc -c -I/usr/include/uuid -I/usr/include/arm-linux-gnueabihf -I/usr/include/arm-linux-gnueabihf -I/usr/include/arm-linux-gnueabihf -I/usr/include/arm-linux-gnueabihf   -pthread -I/usr/include/gio-unix-2.0 -I/usr/include/libmount -I/usr/include/blkid -I/usr/include/uuid -I/usr/include/glib-2.0 -I/usr/lib/arm-linux-gnueabihf/glib-2.0/include    -g -O2  conftest.c >&5
configure:10123: $? = 0
configure:10123: result: yes
configure:10137: checking for uint64_t
configure:10137: gcc -c -I/usr/include/uuid -I/usr/include/arm-linux-gnueabihf -I/usr/include/arm-linux-gnueabihf -I/usr/include/arm-linux-gnueabihf -I/usr/include/arm-linux-gnueabihf   -pthread -I/usr/include/gio-unix-2.0 -I/usr/include/libmount -I/usr/include/blkid -I/usr/include/uuid -I/usr/include/glib-2.0 -I/usr/lib/arm-linux-gnueabihf/glib-2.0/include    -g -O2  conftest.c >&5
configure:10137: $? = 0
configure:10137: result: yes
configure:10151: checking for uint8_t
configure:10151: gcc -c -I/usr/include/uuid -I/usr/include/arm-linux-gnueabihf -I/usr/include/arm-linux-gnueabihf -I/usr/include/arm-linux-gnueabihf -I/usr/include/arm-linux-gnueabihf   -pthread -I/usr/include/gio-unix-2.0 -I/usr/include/libmount -I/usr/include/blkid -I/usr/include/uuid -I/usr/include/glib-2.0 -I/usr/lib/arm-linux-gnueabihf/glib-2.0/include    -g -O2  conftest.c >&5
configure:10151: $? = 0
configure:10151: result: yes
configure:10169: checking for working alloca.h
configure:10186: gcc -o conftest -I/usr/include/uuid -I/usr/include/arm-linux-gnueabihf -I/usr/include/arm-linux-gnueabihf -I/usr/include/arm-linux-gnueabihf -I/usr/include/arm-linux-gnueabihf   -pthread -I/usr/include/gio-unix-2.0 -I/usr/include/libmount -I/usr/include/blkid -I/usr/include/uuid -I/usr/include/glib-2.0 -I/usr/lib/arm-linux-gnueabihf/glib-2.0/include    -g -O2   conftest.c -luuid -lswresample -lavformat -lavcodec -lavutil -lgcrypt -lsodium -lplist -lgio-2.0 -lgobject-2.0 -lglib-2.0 -lasound -lavahi-common -lavahi-client -lsoxr -lssl -lcrypto -ldaemon -lconfig -lpopt -lm -lpthread -lrt  >&5
configure:10186: $? = 0
configure:10194: result: yes
configure:10202: checking for alloca
configure:10239: gcc -o conftest -I/usr/include/uuid -I/usr/include/arm-linux-gnueabihf -I/usr/include/arm-linux-gnueabihf -I/usr/include/arm-linux-gnueabihf -I/usr/include/arm-linux-gnueabihf   -pthread -I/usr/include/gio-unix-2.0 -I/usr/include/libmount -I/usr/include/blkid -I/usr/include/uuid -I/usr/include/glib-2.0 -I/usr/lib/arm-linux-gnueabihf/glib-2.0/include    -g -O2   conftest.c -luuid -lswresample -lavformat -lavcodec -lavutil -lgcrypt -lsodium -lplist -lgio-2.0 -lgobject-2.0 -lglib-2.0 -lasound -lavahi-common -lavahi-client -lsoxr -lssl -lcrypto -ldaemon -lconfig -lpopt -lm -lpthread -lrt  >&5
configure:10239: $? = 0
configure:10247: result: yes
configure:10353: checking for error_at_line
configure:10369: gcc -o conftest -I/usr/include/uuid -I/usr/include/arm-linux-gnueabihf -I/usr/include/arm-linux-gnueabihf -I/usr/include/arm-linux-gnueabihf -I/usr/include/arm-linux-gnueabihf   -pthread -I/usr/include/gio-unix-2.0 -I/usr/include/libmount -I/usr/include/blkid -I/usr/include/uuid -I/usr/include/glib-2.0 -I/usr/lib/arm-linux-gnueabihf/glib-2.0/include    -g -O2   conftest.c -luuid -lswresample -lavformat -lavcodec -lavutil -lgcrypt -lsodium -lplist -lgio-2.0 -lgobject-2.0 -lglib-2.0 -lasound -lavahi-common -lavahi-client -lsoxr -lssl -lcrypto -ldaemon -lconfig -lpopt -lm -lpthread -lrt  >&5
configure:10369: $? = 0
configure:10377: result: yes
configure:10390: checking vfork.h usability
configure:10390: gcc -c -I/usr/include/uuid -I/usr/include/arm-linux-gnueabihf -I/usr/include/arm-linux-gnueabihf -I/usr/include/arm-linux-gnueabihf -I/usr/include/arm-linux-gnueabihf   -pthread -I/usr/include/gio-unix-2.0 -I/usr/include/libmount -I/usr/include/blkid -I/usr/include/uuid -I/usr/include/glib-2.0 -I/usr/lib/arm-linux-gnueabihf/glib-2.0/include    -g -O2  conftest.c >&5
conftest.c:88:10: fatal error: vfork.h: No such file or directory
 #include <vfork.h>
          ^~~~~~~~~
compilation terminated.
configure:10390: $? = 1
configure: failed program was:
| /* confdefs.h */
| #define PACKAGE_NAME "shairport-sync"
| #define PACKAGE_TARNAME "shairport-sync"
| #define PACKAGE_VERSION "4.3.7"
| #define PACKAGE_STRING "shairport-sync 4.3.7"
| #define PACKAGE_BUGREPORT "4265913+mikebrady@users.noreply.github.com"
| #define PACKAGE_URL ""
| #define PACKAGE "shairport-sync"
| #define VERSION "4.3.7"
| #define CONFIG_USE_GIT_VERSION_STRING 1
| #define HAVE_LIBRT 1
| #define HAVE_LIBPTHREAD 1
| #define HAVE_LIBM 1
| #define CONFIG_LIBDAEMON 1
| #define CONFIG_OPENSSL 1
| #define CONFIG_SOXR 1
| #define CONFIG_AVAHI 1
| #define HAVE_LIBAVAHI_CLIENT 1
| #define HAVE_LIBAVAHI_COMMON 1
| #define CONFIG_ALSA 1
| #define CONFIG_DBUS_INTERFACE 1
| #define CONFIG_MPRIS_INTERFACE 1
| #define CONFIG_METADATA_HUB 1
| #define CONFIG_DACP_CLIENT 1
| #define CONFIG_METADATA 1
| #define CONFIG_AIRPLAY_2 1
| #define HAVE_LIBGCRYPT 1
| #define STDC_HEADERS 1
| #define HAVE_SYS_TYPES_H 1
| #define HAVE_SYS_STAT_H 1
| #define HAVE_STDLIB_H 1
| #define HAVE_STRING_H 1
| #define HAVE_MEMORY_H 1
| #define HAVE_STRINGS_H 1
| #define HAVE_INTTYPES_H 1
| #define HAVE_STDINT_H 1
| #define HAVE_UNISTD_H 1
| #define HAVE_ARPA_INET_H 1
| #define HAVE_FCNTL_H 1
| #define HAVE_LIMITS_H 1
| #define HAVE_MEMORY_H 1
| #define HAVE_NETDB_H 1
| #define HAVE_NETINET_IN_H 1
| #define HAVE_STDINT_H 1
| #define HAVE_STDLIB_H 1
| #define HAVE_STRING_H 1
| #define HAVE_SYS_IOCTL_H 1
| #define HAVE_SYS_SOCKET_H 1
| #define HAVE_SYS_TIME_H 1
| #define HAVE_SYSLOG_H 1
| #define HAVE_UNISTD_H 1
| #define HAVE_ALLOCA_H 1
| #define HAVE_ALLOCA 1
| /* end confdefs.h.  */
| #include <stdio.h>
| #ifdef HAVE_SYS_TYPES_H
| # include <sys/types.h>
| #endif
| #ifdef HAVE_SYS_STAT_H
| # include <sys/stat.h>
| #endif
| #ifdef STDC_HEADERS
| # include <stdlib.h>
| # include <stddef.h>
| #else
| # ifdef HAVE_STDLIB_H
| #  include <stdlib.h>
| # endif
| #endif
| #ifdef HAVE_STRING_H
| # if !defined STDC_HEADERS && defined HAVE_MEMORY_H
| #  include <memory.h>
| # endif
| # include <string.h>
| #endif
| #ifdef HAVE_STRINGS_H
| # include <strings.h>
| #endif
| #ifdef HAVE_INTTYPES_H
| # include <inttypes.h>
| #endif
| #ifdef HAVE_STDINT_H
| # include <stdint.h>
| #endif
| #ifdef HAVE_UNISTD_H
| # include <unistd.h>
| #endif
| #include <vfork.h>
configure:10390: result: no
configure:10390: checking vfork.h presence
configure:10390: gcc -E  conftest.c
conftest.c:55:10: fatal error: vfork.h: No such file or directory
 #include <vfork.h>
          ^~~~~~~~~
compilation terminated.
configure:10390: $? = 1
configure: failed program was:
| /* confdefs.h */
| #define PACKAGE_NAME "shairport-sync"
| #define PACKAGE_TARNAME "shairport-sync"
| #define PACKAGE_VERSION "4.3.7"
| #define PACKAGE_STRING "shairport-sync 4.3.7"
| #define PACKAGE_BUGREPORT "4265913+mikebrady@users.noreply.github.com"
| #define PACKAGE_URL ""
| #define PACKAGE "shairport-sync"
| #define VERSION "4.3.7"
| #define CONFIG_USE_GIT_VERSION_STRING 1
| #define HAVE_LIBRT 1
| #define HAVE_LIBPTHREAD 1
| #define HAVE_LIBM 1
| #define CONFIG_LIBDAEMON 1
| #define CONFIG_OPENSSL 1
| #define CONFIG_SOXR 1
| #define CONFIG_AVAHI 1
| #define HAVE_LIBAVAHI_CLIENT 1
| #define HAVE_LIBAVAHI_COMMON 1
| #define CONFIG_ALSA 1
| #define CONFIG_DBUS_INTERFACE 1
| #define CONFIG_MPRIS_INTERFACE 1
| #define CONFIG_METADATA_HUB 1
| #define CONFIG_DACP_CLIENT 1
| #define CONFIG_METADATA 1
| #define CONFIG_AIRPLAY_2 1
| #define HAVE_LIBGCRYPT 1
| #define STDC_HEADERS 1
| #define HAVE_SYS_TYPES_H 1
| #define HAVE_SYS_STAT_H 1
| #define HAVE_STDLIB_H 1
| #define HAVE_STRING_H 1
| #define HAVE_MEMORY_H 1
| #define HAVE_STRINGS_H 1
| #define HAVE_INTTYPES_H 1
| #define HAVE_STDINT_H 1
| #define HAVE_UNISTD_H 1
| #define HAVE_ARPA_INET_H 1
| #define HAVE_FCNTL_H 1
| #define HAVE_LIMITS_H 1
| #define HAVE_MEMORY_H 1
| #define HAVE_NETDB_H 1
| #define HAVE_NETINET_IN_H 1
| #define HAVE_STDINT_H 1
| #define HAVE_STDLIB_H 1
| #define HAVE_STRING_H 1
| #define HAVE_SYS_IOCTL_H 1
| #define HAVE_SYS_SOCKET_H 1
| #define HAVE_SYS_TIME_H 1
| #define HAVE_SYSLOG_H 1
| #define HAVE_UNISTD_H 1
| #define HAVE_ALLOCA_H 1
| #define HAVE_ALLOCA 1
| /* end confdefs.h.  */
| #include <vfork.h>
configure:10390: result: no
configure:10390: checking for vfork.h
configure:10390: result: no
configure:10403: checking for fork
configure:10403: gcc -o conftest -I/usr/include/uuid -I/usr/include/arm-linux-gnueabihf -I/usr/include/arm-linux-gnueabihf -I/usr/include/arm-linux-gnueabihf -I/usr/include/arm-linux-gnueabihf   -pthread -I/usr/include/gio-unix-2.0 -I/usr/include/libmount -I/usr/include/blkid -I/usr/include/uuid -I/usr/include/glib-2.0 -I/usr/lib/arm-linux-gnueabihf/glib-2.0/include    -g -O2   conftest.c -luuid -lswresample -lavformat -lavcodec -lavutil -lgcrypt -lsodium -lplist -lgio-2.0 -lgobject-2.0 -lglib-2.0 -lasound -lavahi-common -lavahi-client -lsoxr -lssl -lcrypto -ldaemon -lconfig -lpopt -lm -lpthread -lrt  >&5
conftest.c:78:6: warning: conflicting types for built-in function 'fork' [-Wbuiltin-declaration-mismatch]
 char fork ();
      ^~~~
configure:10403: $? = 0
configure:10403: result: yes
configure:10403: checking for vfork
configure:10403: gcc -o conftest -I/usr/include/uuid -I/usr/include/arm-linux-gnueabihf -I/usr/include/arm-linux-gnueabihf -I/usr/include/arm-linux-gnueabihf -I/usr/include/arm-linux-gnueabihf   -pthread -I/usr/include/gio-unix-2.0 -I/usr/include/libmount -I/usr/include/blkid -I/usr/include/uuid -I/usr/include/glib-2.0 -I/usr/lib/arm-linux-gnueabihf/glib-2.0/include    -g -O2   conftest.c -luuid -lswresample -lavformat -lavcodec -lavutil -lgcrypt -lsodium -lplist -lgio-2.0 -lgobject-2.0 -lglib-2.0 -lasound -lavahi-common -lavahi-client -lsoxr -lssl -lcrypto -ldaemon -lconfig -lpopt -lm -lpthread -lrt  >&5
configure:10403: $? = 0
configure:10403: result: yes
configure:10413: checking for working fork
configure:10435: gcc -o conftest -I/usr/include/uuid -I/usr/include/arm-linux-gnueabihf -I/usr/include/arm-linux-gnueabihf -I/usr/include/arm-linux-gnueabihf -I/usr/include/arm-linux-gnueabihf   -pthread -I/usr/include/gio-unix-2.0 -I/usr/include/libmount -I/usr/include/blkid -I/usr/include/uuid -I/usr/include/glib-2.0 -I/usr/lib/arm-linux-gnueabihf/glib-2.0/include    -g -O2   conftest.c -luuid -lswresample -lavformat -lavcodec -lavutil -lgcrypt -lsodium -lplist -lgio-2.0 -lgobject-2.0 -lglib-2.0 -lasound -lavahi-common -lavahi-client -lsoxr -lssl -lcrypto -ldaemon -lconfig -lpopt -lm -lpthread -lrt  >&5
configure:10435: $? = 0
configure:10435: ./conftest
configure:10435: $? = 0
configure:10445: result: yes
configure:10466: checking for working vfork
configure:10576: result: yes
configure:10604: checking for atexit
configure:10604: gcc -o conftest -I/usr/include/uuid -I/usr/include/arm-linux-gnueabihf -I/usr/include/arm-linux-gnueabihf -I/usr/include/arm-linux-gnueabihf -I/usr/include/arm-linux-gnueabihf   -pthread -I/usr/include/gio-unix-2.0 -I/usr/include/libmount -I/usr/include/blkid -I/usr/include/uuid -I/usr/include/glib-2.0 -I/usr/lib/arm-linux-gnueabihf/glib-2.0/include    -g -O2   conftest.c -luuid -lswresample -lavformat -lavcodec -lavutil -lgcrypt -lsodium -lplist -lgio-2.0 -lgobject-2.0 -lglib-2.0 -lasound -lavahi-common -lavahi-client -lsoxr -lssl -lcrypto -ldaemon -lconfig -lpopt -lm -lpthread -lrt  >&5
configure:10604: $? = 0
configure:10604: result: yes
configure:10604: checking for clock_gettime
configure:10604: gcc -o conftest -I/usr/include/uuid -I/usr/include/arm-linux-gnueabihf -I/usr/include/arm-linux-gnueabihf -I/usr/include/arm-linux-gnueabihf -I/usr/include/arm-linux-gnueabihf   -pthread -I/usr/include/gio-unix-2.0 -I/usr/include/libmount -I/usr/include/blkid -I/usr/include/uuid -I/usr/include/glib-2.0 -I/usr/lib/arm-linux-gnueabihf/glib-2.0/include    -g -O2   conftest.c -luuid -lswresample -lavformat -lavcodec -lavutil -lgcrypt -lsodium -lplist -lgio-2.0 -lgobject-2.0 -lglib-2.0 -lasound -lavahi-common -lavahi-client -lsoxr -lssl -lcrypto -ldaemon -lconfig -lpopt -lm -lpthread -lrt  >&5
configure:10604: $? = 0
configure:10604: result: yes
configure:10604: checking for gethostname
configure:10604: gcc -o conftest -I/usr/include/uuid -I/usr/include/arm-linux-gnueabihf -I/usr/include/arm-linux-gnueabihf -I/usr/include/arm-linux-gnueabihf -I/usr/include/arm-linux-gnueabihf   -pthread -I/usr/include/gio-unix-2.0 -I/usr/include/libmount -I/usr/include/blkid -I/usr/include/uuid -I/usr/include/glib-2.0 -I/usr/lib/arm-linux-gnueabihf/glib-2.0/include    -g -O2   conftest.c -luuid -lswresample -lavformat -lavcodec -lavutil -lgcrypt -lsodium -lplist -lgio-2.0 -lgobject-2.0 -lglib-2.0 -lasound -lavahi-common -lavahi-client -lsoxr -lssl -lcrypto -ldaemon -lconfig -lpopt -lm -lpthread -lrt  >&5
configure:10604: $? = 0
configure:10604: result: yes
configure:10604: checking for inet_ntoa
configure:10604: gcc -o conftest -I/usr/include/uuid -I/usr/include/arm-linux-gnueabihf -I/usr/include/arm-linux-gnueabihf -I/usr/include/arm-linux-gnueabihf -I/usr/include/arm-linux-gnueabihf   -pthread -I/usr/include/gio-unix-2.0 -I/usr/include/libmount -I/usr/include/blkid -I/usr/include/uuid -I/usr/include/glib-2.0 -I/usr/lib/arm-linux-gnueabihf/glib-2.0/include    -g -O2   conftest.c -luuid -lswresample -lavformat -lavcodec -lavutil -lgcrypt -lsodium -lplist -lgio-2.0 -lgobject-2.0 -lglib-2.0 -lasound -lavahi-common -lavahi-client -lsoxr -lssl -lcrypto -ldaemon -lconfig -lpopt -lm -lpthread -lrt  >&5
configure:10604: $? = 0
configure:10604: result: yes
configure:10604: checking for memchr
configure:10604: gcc -o conftest -I/usr/include/uuid -I/usr/include/arm-linux-gnueabihf -I/usr/include/arm-linux-gnueabihf -I/usr/include/arm-linux-gnueabihf -I/usr/include/arm-linux-gnueabihf   -pthread -I/usr/include/gio-unix-2.0 -I/usr/include/libmount -I/usr/include/blkid -I/usr/include/uuid -I/usr/include/glib-2.0 -I/usr/lib/arm-linux-gnueabihf/glib-2.0/include    -g -O2   conftest.c -luuid -lswresample -lavformat -lavcodec -lavutil -lgcrypt -lsodium -lplist -lgio-2.0 -lgobject-2.0 -lglib-2.0 -lasound -lavahi-common -lavahi-client -lsoxr -lssl -lcrypto -ldaemon -lconfig -lpopt -lm -lpthread -lrt  >&5
conftest.c:86:6: warning: conflicting types for built-in function 'memchr' [-Wbuiltin-declaration-mismatch]
 char memchr ();
      ^~~~~~
configure:10604: $? = 0
configure:10604: result: yes
configure:10604: checking for memmove
configure:10604: gcc -o conftest -I/usr/include/uuid -I/usr/include/arm-linux-gnueabihf -I/usr/include/arm-linux-gnueabihf -I/usr/include/arm-linux-gnueabihf -I/usr/include/arm-linux-gnueabihf   -pthread -I/usr/include/gio-unix-2.0 -I/usr/include/libmount -I/usr/include/blkid -I/usr/include/uuid -I/usr/include/glib-2.0 -I/usr/lib/arm-linux-gnueabihf/glib-2.0/include    -g -O2   conftest.c -luuid -lswresample -lavformat -lavcodec -lavutil -lgcrypt -lsodium -lplist -lgio-2.0 -lgobject-2.0 -lglib-2.0 -lasound -lavahi-common -lavahi-client -lsoxr -lssl -lcrypto -ldaemon -lconfig -lpopt -lm -lpthread -lrt  >&5
conftest.c:87:6: warning: conflicting types for built-in function 'memmove' [-Wbuiltin-declaration-mismatch]
 char memmove ();
      ^~~~~~~
configure:10604: $? = 0
configure:10604: result: yes
configure:10604: checking for memset
configure:10604: gcc -o conftest -I/usr/include/uuid -I/usr/include/arm-linux-gnueabihf -I/usr/include/arm-linux-gnueabihf -I/usr/include/arm-linux-gnueabihf -I/usr/include/arm-linux-gnueabihf   -pthread -I/usr/include/gio-unix-2.0 -I/usr/include/libmount -I/usr/include/blkid -I/usr/include/uuid -I/usr/include/glib-2.0 -I/usr/lib/arm-linux-gnueabihf/glib-2.0/include    -g -O2   conftest.c -luuid -lswresample -lavformat -lavcodec -lavutil -lgcrypt -lsodium -lplist -lgio-2.0 -lgobject-2.0 -lglib-2.0 -lasound -lavahi-common -lavahi-client -lsoxr -lssl -lcrypto -ldaemon -lconfig -lpopt -lm -lpthread -lrt  >&5
conftest.c:88:6: warning: conflicting types for built-in function 'memset' [-Wbuiltin-declaration-mismatch]
 char memset ();
      ^~~~~~
configure:10604: $? = 0
configure:10604: result: yes
configure:10604: checking for mkfifo
configure:10604: gcc -o conftest -I/usr/include/uuid -I/usr/include/arm-linux-gnueabihf -I/usr/include/arm-linux-gnueabihf -I/usr/include/arm-linux-gnueabihf -I/usr/include/arm-linux-gnueabihf   -pthread -I/usr/include/gio-unix-2.0 -I/usr/include/libmount -I/usr/include/blkid -I/usr/include/uuid -I/usr/include/glib-2.0 -I/usr/lib/arm-linux-gnueabihf/glib-2.0/include    -g -O2   conftest.c -luuid -lswresample -lavformat -lavcodec -lavutil -lgcrypt -lsodium -lplist -lgio-2.0 -lgobject-2.0 -lglib-2.0 -lasound -lavahi-common -lavahi-client -lsoxr -lssl -lcrypto -ldaemon -lconfig -lpopt -lm -lpthread -lrt  >&5
configure:10604: $? = 0
configure:10604: result: yes
configure:10604: checking for pow
configure:10604: gcc -o conftest -I/usr/include/uuid -I/usr/include/arm-linux-gnueabihf -I/usr/include/arm-linux-gnueabihf -I/usr/include/arm-linux-gnueabihf -I/usr/include/arm-linux-gnueabihf   -pthread -I/usr/include/gio-unix-2.0 -I/usr/include/libmount -I/usr/include/blkid -I/usr/include/uuid -I/usr/include/glib-2.0 -I/usr/lib/arm-linux-gnueabihf/glib-2.0/include    -g -O2   conftest.c -luuid -lswresample -lavformat -lavcodec -lavutil -lgcrypt -lsodium -lplist -lgio-2.0 -lgobject-2.0 -lglib-2.0 -lasound -lavahi-common -lavahi-client -lsoxr -lssl -lcrypto -ldaemon -lconfig -lpopt -lm -lpthread -lrt  >&5
conftest.c:90:6: warning: conflicting types for built-in function 'pow' [-Wbuiltin-declaration-mismatch]
 char pow ();
      ^~~
configure:10604: $? = 0
configure:10604: result: yes
configure:10604: checking for select
configure:10604: gcc -o conftest -I/usr/include/uuid -I/usr/include/arm-linux-gnueabihf -I/usr/include/arm-linux-gnueabihf -I/usr/include/arm-linux-gnueabihf -I/usr/include/arm-linux-gnueabihf   -pthread -I/usr/include/gio-unix-2.0 -I/usr/include/libmount -I/usr/include/blkid -I/usr/include/uuid -I/usr/include/glib-2.0 -I/usr/lib/arm-linux-gnueabihf/glib-2.0/include    -g -O2   conftest.c -luuid -lswresample -lavformat -lavcodec -lavutil -lgcrypt -lsodium -lplist -lgio-2.0 -lgobject-2.0 -lglib-2.0 -lasound -lavahi-common -lavahi-client -lsoxr -lssl -lcrypto -ldaemon -lconfig -lpopt -lm -lpthread -lrt  >&5
configure:10604: $? = 0
configure:10604: result: yes
configure:10604: checking for socket
configure:10604: gcc -o conftest -I/usr/include/uuid -I/usr/include/arm-linux-gnueabihf -I/usr/include/arm-linux-gnueabihf -I/usr/include/arm-linux-gnueabihf -I/usr/include/arm-linux-gnueabihf   -pthread -I/usr/include/gio-unix-2.0 -I/usr/include/libmount -I/usr/include/blkid -I/usr/include/uuid -I/usr/include/glib-2.0 -I/usr/lib/arm-linux-gnueabihf/glib-2.0/include    -g -O2   conftest.c -luuid -lswresample -lavformat -lavcodec -lavutil -lgcrypt -lsodium -lplist -lgio-2.0 -lgobject-2.0 -lglib-2.0 -lasound -lavahi-common -lavahi-client -lsoxr -lssl -lcrypto -ldaemon -lconfig -lpopt -lm -lpthread -lrt  >&5
configure:10604: $? = 0
configure:10604: result: yes
configure:10604: checking for stpcpy
configure:10604: gcc -o conftest -I/usr/include/uuid -I/usr/include/arm-linux-gnueabihf -I/usr/include/arm-linux-gnueabihf -I/usr/include/arm-linux-gnueabihf -I/usr/include/arm-linux-gnueabihf   -pthread -I/usr/include/gio-unix-2.0 -I/usr/include/libmount -I/usr/include/blkid -I/usr/include/uuid -I/usr/include/glib-2.0 -I/usr/lib/arm-linux-gnueabihf/glib-2.0/include    -g -O2   conftest.c -luuid -lswresample -lavformat -lavcodec -lavutil -lgcrypt -lsodium -lplist -lgio-2.0 -lgobject-2.0 -lglib-2.0 -lasound -lavahi-common -lavahi-client -lsoxr -lssl -lcrypto -ldaemon -lconfig -lpopt -lm -lpthread -lrt  >&5
conftest.c:93:6: warning: conflicting types for built-in function 'stpcpy' [-Wbuiltin-declaration-mismatch]
 char stpcpy ();
      ^~~~~~
configure:10604: $? = 0
configure:10604: result: yes
configure:10604: checking for strcasecmp
configure:10604: gcc -o conftest -I/usr/include/uuid -I/usr/include/arm-linux-gnueabihf -I/usr/include/arm-linux-gnueabihf -I/usr/include/arm-linux-gnueabihf -I/usr/include/arm-linux-gnueabihf   -pthread -I/usr/include/gio-unix-2.0 -I/usr/include/libmount -I/usr/include/blkid -I/usr/include/uuid -I/usr/include/glib-2.0 -I/usr/lib/arm-linux-gnueabihf/glib-2.0/include    -g -O2   conftest.c -luuid -lswresample -lavformat -lavcodec -lavutil -lgcrypt -lsodium -lplist -lgio-2.0 -lgobject-2.0 -lglib-2.0 -lasound -lavahi-common -lavahi-client -lsoxr -lssl -lcrypto -ldaemon -lconfig -lpopt -lm -lpthread -lrt  >&5
conftest.c:94:6: warning: conflicting types for built-in function 'strcasecmp' [-Wbuiltin-declaration-mismatch]
 char strcasecmp ();
      ^~~~~~~~~~
configure:10604: $? = 0
configure:10604: result: yes
configure:10604: checking for strchr
configure:10604: gcc -o conftest -I/usr/include/uuid -I/usr/include/arm-linux-gnueabihf -I/usr/include/arm-linux-gnueabihf -I/usr/include/arm-linux-gnueabihf -I/usr/include/arm-linux-gnueabihf   -pthread -I/usr/include/gio-unix-2.0 -I/usr/include/libmount -I/usr/include/blkid -I/usr/include/uuid -I/usr/include/glib-2.0 -I/usr/lib/arm-linux-gnueabihf/glib-2.0/include    -g -O2   conftest.c -luuid -lswresample -lavformat -lavcodec -lavutil -lgcrypt -lsodium -lplist -lgio-2.0 -lgobject-2.0 -lglib-2.0 -lasound -lavahi-common -lavahi-client -lsoxr -lssl -lcrypto -ldaemon -lconfig -lpopt -lm -lpthread -lrt  >&5
conftest.c:95:6: warning: conflicting types for built-in function 'strchr' [-Wbuiltin-declaration-mismatch]
 char strchr ();
      ^~~~~~
configure:10604: $? = 0
configure:10604: result: yes
configure:10604: checking for strdup
configure:10604: gcc -o conftest -I/usr/include/uuid -I/usr/include/arm-linux-gnueabihf -I/usr/include/arm-linux-gnueabihf -I/usr/include/arm-linux-gnueabihf -I/usr/include/arm-linux-gnueabihf   -pthread -I/usr/include/gio-unix-2.0 -I/usr/include/libmount -I/usr/include/blkid -I/usr/include/uuid -I/usr/include/glib-2.0 -I/usr/lib/arm-linux-gnueabihf/glib-2.0/include    -g -O2   conftest.c -luuid -lswresample -lavformat -lavcodec -lavutil -lgcrypt -lsodium -lplist -lgio-2.0 -lgobject-2.0 -lglib-2.0 -lasound -lavahi-common -lavahi-client -lsoxr -lssl -lcrypto -ldaemon -lconfig -lpopt -lm -lpthread -lrt  >&5
conftest.c:96:6: warning: conflicting types for built-in function 'strdup' [-Wbuiltin-declaration-mismatch]
 char strdup ();
      ^~~~~~
configure:10604: $? = 0
configure:10604: result: yes
configure:10604: checking for strerror
configure:10604: gcc -o conftest -I/usr/include/uuid -I/usr/include/arm-linux-gnueabihf -I/usr/include/arm-linux-gnueabihf -I/usr/include/arm-linux-gnueabihf -I/usr/include/arm-linux-gnueabihf   -pthread -I/usr/include/gio-unix-2.0 -I/usr/include/libmount -I/usr/include/blkid -I/usr/include/uuid -I/usr/include/glib-2.0 -I/usr/lib/arm-linux-gnueabihf/glib-2.0/include    -g -O2   conftest.c -luuid -lswresample -lavformat -lavcodec -lavutil -lgcrypt -lsodium -lplist -lgio-2.0 -lgobject-2.0 -lglib-2.0 -lasound -lavahi-common -lavahi-client -lsoxr -lssl -lcrypto -ldaemon -lconfig -lpopt -lm -lpthread -lrt  >&5
configure:10604: $? = 0
configure:10604: result: yes
configure:10604: checking for strstr
configure:10604: gcc -o conftest -I/usr/include/uuid -I/usr/include/arm-linux-gnueabihf -I/usr/include/arm-linux-gnueabihf -I/usr/include/arm-linux-gnueabihf -I/usr/include/arm-linux-gnueabihf   -pthread -I/usr/include/gio-unix-2.0 -I/usr/include/libmount -I/usr/include/blkid -I/usr/include/uuid -I/usr/include/glib-2.0 -I/usr/lib/arm-linux-gnueabihf/glib-2.0/include    -g -O2   conftest.c -luuid -lswresample -lavformat -lavcodec -lavutil -lgcrypt -lsodium -lplist -lgio-2.0 -lgobject-2.0 -lglib-2.0 -lasound -lavahi-common -lavahi-client -lsoxr -lssl -lcrypto -ldaemon -lconfig -lpopt -lm -lpthread -lrt  >&5
conftest.c:98:6: warning: conflicting types for built-in function 'strstr' [-Wbuiltin-declaration-mismatch]
 char strstr ();
      ^~~~~~
configure:10604: $? = 0
configure:10604: result: yes
configure:10604: checking for strtol
configure:10604: gcc -o conftest -I/usr/include/uuid -I/usr/include/arm-linux-gnueabihf -I/usr/include/arm-linux-gnueabihf -I/usr/include/arm-linux-gnueabihf -I/usr/include/arm-linux-gnueabihf   -pthread -I/usr/include/gio-unix-2.0 -I/usr/include/libmount -I/usr/include/blkid -I/usr/include/uuid -I/usr/include/glib-2.0 -I/usr/lib/arm-linux-gnueabihf/glib-2.0/include    -g -O2   conftest.c -luuid -lswresample -lavformat -lavcodec -lavutil -lgcrypt -lsodium -lplist -lgio-2.0 -lgobject-2.0 -lglib-2.0 -lasound -lavahi-common -lavahi-client -lsoxr -lssl -lcrypto -ldaemon -lconfig -lpopt -lm -lpthread -lrt  >&5
configure:10604: $? = 0
configure:10604: result: yes
configure:10604: checking for strtoul
configure:10604: gcc -o conftest -I/usr/include/uuid -I/usr/include/arm-linux-gnueabihf -I/usr/include/arm-linux-gnueabihf -I/usr/include/arm-linux-gnueabihf -I/usr/include/arm-linux-gnueabihf   -pthread -I/usr/include/gio-unix-2.0 -I/usr/include/libmount -I/usr/include/blkid -I/usr/include/uuid -I/usr/include/glib-2.0 -I/usr/lib/arm-linux-gnueabihf/glib-2.0/include    -g -O2   conftest.c -luuid -lswresample -lavformat -lavcodec -lavutil -lgcrypt -lsodium -lplist -lgio-2.0 -lgobject-2.0 -lglib-2.0 -lasound -lavahi-common -lavahi-client -lsoxr -lssl -lcrypto -ldaemon -lconfig -lpopt -lm -lpthread -lrt  >&5
configure:10604: $? = 0
configure:10604: result: yes
configure:10720: checking that generated files are newer than configure
configure:10726: result: done
configure:10905: creating ./config.status

## ---------------------- ##
## Running config.status. ##
## ---------------------- ##

This file was extended by shairport-sync config.status 4.3.7, which was
generated by GNU Autoconf 2.69.  Invocation command line was

  CONFIG_FILES    = 
  CONFIG_HEADERS  = 
  CONFIG_LINKS    = 
  CONFIG_COMMANDS = 
  $ ./config.status 

on motivo

config.status:1047: creating scripts/shairport-sync.service-avahi
config.status:1047: creating Makefile
config.status:1047: creating scripts/shairport-sync
config.status:1047: creating config.h
config.status:1276: executing depfiles commands
config.status:1353: cd .       && sed -e '/# am--include-marker/d' Makefile         | make -f - am--depfiles
config.status:1358: $? = 0

## ---------------- ##
## Cache variables. ##
## ---------------- ##

ac_cv_c_compiler_gnu=yes
ac_cv_c_inline=inline
ac_cv_c_int16_t=yes
ac_cv_c_int32_t=yes
ac_cv_c_int64_t=yes
ac_cv_c_uint16_t=yes
ac_cv_c_uint32_t=yes
ac_cv_c_uint64_t=yes
ac_cv_c_uint8_t=yes
ac_cv_cxx_compiler_gnu=yes
ac_cv_env_AO_CFLAGS_set=
ac_cv_env_AO_CFLAGS_value=
ac_cv_env_AO_LIBS_set=
ac_cv_env_AO_LIBS_value=
ac_cv_env_CCC_set=
ac_cv_env_CCC_value=
ac_cv_env_CC_set=
ac_cv_env_CC_value=
ac_cv_env_CFLAGS_set=
ac_cv_env_CFLAGS_value=
ac_cv_env_CPPFLAGS_set=
ac_cv_env_CPPFLAGS_value=
ac_cv_env_CPP_set=
ac_cv_env_CPP_value=
ac_cv_env_CXXFLAGS_set=
ac_cv_env_CXXFLAGS_value=
ac_cv_env_CXX_set=
ac_cv_env_CXX_value=
ac_cv_env_DAEMON_CFLAGS_set=
ac_cv_env_DAEMON_CFLAGS_value=
ac_cv_env_DAEMON_LIBS_set=
ac_cv_env_DAEMON_LIBS_value=
ac_cv_env_LDFLAGS_set=
ac_cv_env_LDFLAGS_value=
ac_cv_env_LIBS_set=
ac_cv_env_LIBS_value=
ac_cv_env_PIPEWIRE_CFLAGS_set=
ac_cv_env_PIPEWIRE_CFLAGS_value=
ac_cv_env_PIPEWIRE_LIBS_set=
ac_cv_env_PIPEWIRE_LIBS_value=
ac_cv_env_PKG_CONFIG_LIBDIR_set=
ac_cv_env_PKG_CONFIG_LIBDIR_value=
ac_cv_env_PKG_CONFIG_PATH_set=
ac_cv_env_PKG_CONFIG_PATH_value=
ac_cv_env_PKG_CONFIG_set=
ac_cv_env_PKG_CONFIG_value=
ac_cv_env_PULSEAUDIO_CFLAGS_set=
ac_cv_env_PULSEAUDIO_CFLAGS_value=
ac_cv_env_PULSEAUDIO_LIBS_set=
ac_cv_env_PULSEAUDIO_LIBS_value=
ac_cv_env_SSL_CFLAGS_set=
ac_cv_env_SSL_CFLAGS_value=
ac_cv_env_SSL_LIBS_set=
ac_cv_env_SSL_LIBS_value=
ac_cv_env_alac_CFLAGS_set=
ac_cv_env_alac_CFLAGS_value=
ac_cv_env_alac_LIBS_set=
ac_cv_env_alac_LIBS_value=
ac_cv_env_alsa_CFLAGS_set=
ac_cv_env_alsa_CFLAGS_value=
ac_cv_env_alsa_LIBS_set=
ac_cv_env_alsa_LIBS_value=
ac_cv_env_build_alias_set=
ac_cv_env_build_alias_value=
ac_cv_env_glib_CFLAGS_set=
ac_cv_env_glib_CFLAGS_value=
ac_cv_env_glib_LIBS_set=
ac_cv_env_glib_LIBS_value=
ac_cv_env_host_alias_set=
ac_cv_env_host_alias_value=
ac_cv_env_jack_CFLAGS_set=
ac_cv_env_jack_CFLAGS_value=
ac_cv_env_jack_LIBS_set=
ac_cv_env_jack_LIBS_value=
ac_cv_env_libavcodec_CFLAGS_set=
ac_cv_env_libavcodec_CFLAGS_value=
ac_cv_env_libavcodec_LIBS_set=
ac_cv_env_libavcodec_LIBS_value=
ac_cv_env_libavformat_CFLAGS_set=
ac_cv_env_libavformat_CFLAGS_value=
ac_cv_env_libavformat_LIBS_set=
ac_cv_env_libavformat_LIBS_value=
ac_cv_env_libavutil_CFLAGS_set=
ac_cv_env_libavutil_CFLAGS_value=
ac_cv_env_libavutil_LIBS_set=
ac_cv_env_libavutil_LIBS_value=
ac_cv_env_libconfig_CFLAGS_set=
ac_cv_env_libconfig_CFLAGS_value=
ac_cv_env_libconfig_LIBS_set=
ac_cv_env_libconfig_LIBS_value=
ac_cv_env_libgcrypt_CFLAGS_set=
ac_cv_env_libgcrypt_CFLAGS_value=
ac_cv_env_libgcrypt_LIBS_set=
ac_cv_env_libgcrypt_LIBS_value=
ac_cv_env_libplist_CFLAGS_set=
ac_cv_env_libplist_CFLAGS_value=
ac_cv_env_libplist_LIBS_set=
ac_cv_env_libplist_LIBS_value=
ac_cv_env_libsodium_CFLAGS_set=
ac_cv_env_libsodium_CFLAGS_value=
ac_cv_env_libsodium_LIBS_set=
ac_cv_env_libsodium_LIBS_value=
ac_cv_env_libswresample_CFLAGS_set=
ac_cv_env_libswresample_CFLAGS_value=
ac_cv_env_libswresample_LIBS_set=
ac_cv_env_libswresample_LIBS_value=
ac_cv_env_libuuid_CFLAGS_set=
ac_cv_env_libuuid_CFLAGS_value=
ac_cv_env_libuuid_LIBS_set=
ac_cv_env_libuuid_LIBS_value=
ac_cv_env_popt_CFLAGS_set=
ac_cv_env_popt_CFLAGS_value=
ac_cv_env_popt_LIBS_set=
ac_cv_env_popt_LIBS_value=
ac_cv_env_sndfile_CFLAGS_set=
ac_cv_env_sndfile_CFLAGS_value=
ac_cv_env_sndfile_LIBS_set=
ac_cv_env_sndfile_LIBS_value=
ac_cv_env_soxr_CFLAGS_set=
ac_cv_env_soxr_CFLAGS_value=
ac_cv_env_soxr_LIBS_set=
ac_cv_env_soxr_LIBS_value=
ac_cv_env_target_alias_set=
ac_cv_env_target_alias_value=
ac_cv_func_alloca_works=yes
ac_cv_func_atexit=yes
ac_cv_func_clock_gettime=yes
ac_cv_func_fork=yes
ac_cv_func_fork_works=yes
ac_cv_func_gethostname=yes
ac_cv_func_inet_ntoa=yes
ac_cv_func_memchr=yes
ac_cv_func_memmove=yes
ac_cv_func_memset=yes
ac_cv_func_mkfifo=yes
ac_cv_func_pow=yes
ac_cv_func_select=yes
ac_cv_func_socket=yes
ac_cv_func_stpcpy=yes
ac_cv_func_strcasecmp=yes
ac_cv_func_strchr=yes
ac_cv_func_strdup=yes
ac_cv_func_strerror=yes
ac_cv_func_strstr=yes
ac_cv_func_strtol=yes
ac_cv_func_strtoul=yes
ac_cv_func_vfork=yes
ac_cv_func_vfork_works=yes
ac_cv_header_arpa_inet_h=yes
ac_cv_header_fcntl_h=yes
ac_cv_header_getopt_long_h=no
ac_cv_header_inttypes_h=yes
ac_cv_header_limits_h=yes
ac_cv_header_mach_mach_h=no
ac_cv_header_memory_h=yes
ac_cv_header_netdb_h=yes
ac_cv_header_netinet_in_h=yes
ac_cv_header_stdc=yes
ac_cv_header_stdint_h=yes
ac_cv_header_stdlib_h=yes
ac_cv_header_string_h=yes
ac_cv_header_strings_h=yes
ac_cv_header_sys_ioctl_h=yes
ac_cv_header_sys_socket_h=yes
ac_cv_header_sys_stat_h=yes
ac_cv_header_sys_time_h=yes
ac_cv_header_sys_types_h=yes
ac_cv_header_syslog_h=yes
ac_cv_header_unistd_h=yes
ac_cv_header_vfork_h=no
ac_cv_lib_avahi_client_avahi_client_new=yes
ac_cv_lib_avahi_common_avahi_strerror=yes
ac_cv_lib_error_at_line=yes
ac_cv_lib_gcrypt_gcry_control=yes
ac_cv_lib_m_exp=yes
ac_cv_lib_pthread_pthread_create=yes
ac_cv_lib_rt_clock_gettime=yes
ac_cv_objext=o
ac_cv_path_EGREP='/bin/grep -E'
ac_cv_path_GREP=/bin/grep
ac_cv_path_ac_pt_PKG_CONFIG=/usr/bin/pkg-config
ac_cv_path_install='/usr/bin/install -c'
ac_cv_path_mkdir=/bin/mkdir
ac_cv_prog_AWK=mawk
ac_cv_prog_CPP='gcc -E'
ac_cv_prog_GIT=git
ac_cv_prog_XXD_CHECK=yes
ac_cv_prog_ac_ct_AR=ar
ac_cv_prog_ac_ct_CC=gcc
ac_cv_prog_ac_ct_CXX=g++
ac_cv_prog_ac_ct_RANLIB=ranlib
ac_cv_prog_cc_c89=
ac_cv_prog_cc_g=yes
ac_cv_prog_cxx_g=yes
ac_cv_prog_make_make_set=yes
ac_cv_type_pid_t=yes
ac_cv_type_size_t=yes
ac_cv_type_ssize_t=yes
ac_cv_working_alloca_h=yes
am_cv_CC_dependencies_compiler_type=gcc3
am_cv_CXX_dependencies_compiler_type=gcc3
am_cv_make_support_nested_variables=yes
am_cv_prog_cc_c_o=yes
pkg_cv_DAEMON_CFLAGS=-D_REENTRANT
pkg_cv_DAEMON_LIBS=-ldaemon
pkg_cv_SSL_CFLAGS=
pkg_cv_SSL_LIBS='-lssl -lcrypto'
pkg_cv_alsa_CFLAGS=-I/usr/include/alsa
pkg_cv_alsa_LIBS=-lasound
pkg_cv_glib_CFLAGS='-pthread -I/usr/include/gio-unix-2.0 -I/usr/include/libmount -I/usr/include/blkid -I/usr/include/uuid -I/usr/include/glib-2.0 -I/usr/lib/arm-linux-gnueabihf/glib-2.0/include'
pkg_cv_glib_LIBS='-lgio-2.0 -lgobject-2.0 -lglib-2.0'
pkg_cv_libavcodec_CFLAGS=-I/usr/include/arm-linux-gnueabihf
pkg_cv_libavcodec_LIBS=-lavcodec
pkg_cv_libavformat_CFLAGS=-I/usr/include/arm-linux-gnueabihf
pkg_cv_libavformat_LIBS=-lavformat
pkg_cv_libavutil_CFLAGS=-I/usr/include/arm-linux-gnueabihf
pkg_cv_libavutil_LIBS=-lavutil
pkg_cv_libconfig_CFLAGS=
pkg_cv_libconfig_LIBS=-lconfig
pkg_cv_libplist_CFLAGS=
pkg_cv_libplist_LIBS=-lplist
pkg_cv_libsodium_CFLAGS=
pkg_cv_libsodium_LIBS=-lsodium
pkg_cv_libswresample_CFLAGS=-I/usr/include/arm-linux-gnueabihf
pkg_cv_libswresample_LIBS=-lswresample
pkg_cv_libuuid_CFLAGS=-I/usr/include/uuid
pkg_cv_libuuid_LIBS=-luuid
pkg_cv_popt_CFLAGS=
pkg_cv_popt_LIBS=-lpopt
pkg_cv_soxr_CFLAGS=
pkg_cv_soxr_LIBS=-lsoxr

## ----------------- ##
## Output variables. ##
## ----------------- ##

ACLOCAL='${SHELL} /home/volumio/shairport-sync/missing aclocal-1.16'
ALLOCA=''
AMDEPBACKSLASH='\'
AMDEP_FALSE='#'
AMDEP_TRUE=''
AMTAR='$${TAR-tar}'
AM_BACKSLASH='\'
AM_DEFAULT_V='$(AM_DEFAULT_VERBOSITY)'
AM_DEFAULT_VERBOSITY='1'
AM_V='$(V)'
AO_CFLAGS=''
AO_LIBS=''
AR='ar'
AUTOCONF='${SHELL} /home/volumio/shairport-sync/missing autoconf'
AUTOHEADER='${SHELL} /home/volumio/shairport-sync/missing autoheader'
AUTOMAKE='${SHELL} /home/volumio/shairport-sync/missing automake-1.16'
AWK='mawk'
BUILD_FOR_DARWIN_FALSE=''
BUILD_FOR_DARWIN_TRUE='#'
BUILD_FOR_FREEBSD_FALSE=''
BUILD_FOR_FREEBSD_TRUE='#'
BUILD_FOR_LINUX_FALSE='#'
BUILD_FOR_LINUX_TRUE=''
BUILD_FOR_OPENBSD_FALSE=''
BUILD_FOR_OPENBSD_TRUE='#'
CC='gcc'
CCDEPMODE='depmode=gcc3'
CFLAGS='-I/usr/include/uuid -I/usr/include/arm-linux-gnueabihf -I/usr/include/arm-linux-gnueabihf -I/usr/include/arm-linux-gnueabihf -I/usr/include/arm-linux-gnueabihf   -pthread -I/usr/include/gio-unix-2.0 -I/usr/include/libmount -I/usr/include/blkid -I/usr/include/uuid -I/usr/include/glib-2.0 -I/usr/lib/arm-linux-gnueabihf/glib-2.0/include    -g -O2'
CPP='gcc -E'
CPPFLAGS=''
CUSTOM_PID_DIR=''
CXX='g++'
CXXDEPMODE='depmode=gcc3'
CXXFLAGS='-g -O2'
CYGPATH_W='echo'
DAEMON_CFLAGS='-D_REENTRANT'
DAEMON_LIBS='-ldaemon'
DEFS='-DHAVE_CONFIG_H'
DEPDIR='.deps'
ECHO_C=''
ECHO_N='-n'
ECHO_T=''
EGREP='/bin/grep -E'
EXEEXT=''
GIT='git'
GREP='/bin/grep'
INSTALL_CONFIG_FILES_FALSE='#'
INSTALL_CONFIG_FILES_TRUE=''
INSTALL_CREATE_USER_GROUP_FALSE='#'
INSTALL_CREATE_USER_GROUP_TRUE=''
INSTALL_CYGWIN_SERVICE_FALSE=''
INSTALL_CYGWIN_SERVICE_TRUE='#'
INSTALL_DATA='${INSTALL} -m 644'
INSTALL_FREEBSD_SERVICE_FALSE=''
INSTALL_FREEBSD_SERVICE_TRUE='#'
INSTALL_PROGRAM='${INSTALL}'
INSTALL_SCRIPT='${INSTALL}'
INSTALL_STRIP_PROGRAM='$(install_sh) -c -s'
INSTALL_SYSTEMD_FALSE='#'
INSTALL_SYSTEMD_TRUE=''
INSTALL_SYSTEMV_FALSE=''
INSTALL_SYSTEMV_TRUE='#'
LDFLAGS=''
LIBOBJS=''
LIBS='-luuid -lswresample -lavformat -lavcodec -lavutil -lgcrypt -lsodium -lplist -lgio-2.0 -lgobject-2.0 -lglib-2.0 -lasound -lavahi-common -lavahi-client -lsoxr -lssl -lcrypto -ldaemon -lconfig -lpopt -lm -lpthread -lrt '
LTLIBOBJS=''
MAKEINFO='${SHELL} /home/volumio/shairport-sync/missing makeinfo'
MKDIR_P='/bin/mkdir -p'
OBJEXT='o'
PACKAGE='shairport-sync'
PACKAGE_BUGREPORT='4265913+mikebrady@users.noreply.github.com'
PACKAGE_NAME='shairport-sync'
PACKAGE_STRING='shairport-sync 4.3.7'
PACKAGE_TARNAME='shairport-sync'
PACKAGE_URL=''
PACKAGE_VERSION='4.3.7'
PATH_SEPARATOR=':'
PIPEWIRE_CFLAGS=''
PIPEWIRE_LIBS=''
PKG_CONFIG='/usr/bin/pkg-config'
PKG_CONFIG_LIBDIR=''
PKG_CONFIG_PATH=''
PULSEAUDIO_CFLAGS=''
PULSEAUDIO_LIBS=''
RANLIB='ranlib'
SET_MAKE=''
SHELL='/bin/bash'
SSL_CFLAGS=''
SSL_LIBS='-lssl -lcrypto'
STRIP=''
USE_AIRPLAY_2_FALSE='#'
USE_AIRPLAY_2_TRUE=''
USE_ALSA_FALSE='#'
USE_ALSA_TRUE=''
USE_AO_FALSE=''
USE_AO_TRUE='#'
USE_APPLE_ALAC_FALSE=''
USE_APPLE_ALAC_TRUE='#'
USE_AVAHI_FALSE='#'
USE_AVAHI_TRUE=''
USE_CONVOLUTION_FALSE=''
USE_CONVOLUTION_TRUE='#'
USE_CUSTOMPIDDIR_FALSE=''
USE_CUSTOMPIDDIR_TRUE='#'
USE_DACP_CLIENT_FALSE='#'
USE_DACP_CLIENT_TRUE=''
USE_DBUS_CLIENT_FALSE='#'
USE_DBUS_CLIENT_TRUE=''
USE_DBUS_FALSE='#'
USE_DBUS_TRUE=''
USE_DNS_SD_FALSE=''
USE_DNS_SD_TRUE='#'
USE_DUMMY_FALSE=''
USE_DUMMY_TRUE='#'
USE_EXTERNAL_MDNS_FALSE=''
USE_EXTERNAL_MDNS_TRUE='#'
USE_GIT_VERSION_FALSE='#'
USE_GIT_VERSION_TRUE=''
USE_JACK_FALSE=''
USE_JACK_TRUE='#'
USE_LIBDAEMON_FALSE='#'
USE_LIBDAEMON_TRUE=''
USE_METADATA_FALSE='#'
USE_METADATA_HUB_FALSE='#'
USE_METADATA_HUB_TRUE=''
USE_METADATA_TRUE=''
USE_MPRIS_CLIENT_FALSE='#'
USE_MPRIS_CLIENT_TRUE=''
USE_MPRIS_FALSE='#'
USE_MPRIS_TRUE=''
USE_MQTT_FALSE=''
USE_MQTT_TRUE='#'
USE_PA_FALSE=''
USE_PA_TRUE='#'
USE_PIPE_FALSE=''
USE_PIPE_TRUE='#'
USE_PW_FALSE=''
USE_PW_TRUE='#'
USE_SNDIO_FALSE=''
USE_SNDIO_TRUE='#'
USE_SOUNDIO_FALSE=''
USE_SOUNDIO_TRUE='#'
USE_STDOUT_FALSE=''
USE_STDOUT_TRUE='#'
USE_TINYSVCMDNS_FALSE=''
USE_TINYSVCMDNS_TRUE='#'
VERSION='4.3.7'
XXD_CHECK='yes'
ac_ct_CC='gcc'
ac_ct_CXX='g++'
alac_CFLAGS=''
alac_LIBS=''
alsa_CFLAGS='-I/usr/include/alsa'
alsa_LIBS='-lasound'
am__EXEEXT_FALSE=''
am__EXEEXT_TRUE='#'
am__fastdepCC_FALSE='#'
am__fastdepCC_TRUE=''
am__fastdepCXX_FALSE='#'
am__fastdepCXX_TRUE=''
am__include='include'
am__isrc=''
am__leading_dot='.'
am__nodep='_no'
am__quote=''
am__tar='$${TAR-tar} chof - "$$tardir"'
am__untar='$${TAR-tar} xf -'
bindir='${exec_prefix}/bin'
build_alias=''
datadir='${datarootdir}'
datarootdir='${prefix}/share'
docdir='${datarootdir}/doc/${PACKAGE_TARNAME}'
dvidir='${docdir}'
exec_prefix='${prefix}'
glib_CFLAGS='-pthread -I/usr/include/gio-unix-2.0 -I/usr/include/libmount -I/usr/include/blkid -I/usr/include/uuid -I/usr/include/glib-2.0 -I/usr/lib/arm-linux-gnueabihf/glib-2.0/include'
glib_LIBS='-lgio-2.0 -lgobject-2.0 -lglib-2.0'
host_alias=''
htmldir='${docdir}'
includedir='${prefix}/include'
infodir='${datarootdir}/info'
install_sh='${SHELL} /home/volumio/shairport-sync/install-sh'
jack_CFLAGS=''
jack_LIBS=''
libavcodec_CFLAGS='-I/usr/include/arm-linux-gnueabihf'
libavcodec_LIBS='-lavcodec'
libavformat_CFLAGS='-I/usr/include/arm-linux-gnueabihf'
libavformat_LIBS='-lavformat'
libavutil_CFLAGS='-I/usr/include/arm-linux-gnueabihf'
libavutil_LIBS='-lavutil'
libconfig_CFLAGS=''
libconfig_LIBS='-lconfig'
libdir='${exec_prefix}/lib'
libexecdir='${exec_prefix}/libexec'
libgcrypt_CFLAGS=''
libgcrypt_LIBS=''
libplist_CFLAGS=''
libplist_LIBS='-lplist'
libsodium_CFLAGS=''
libsodium_LIBS='-lsodium'
libswresample_CFLAGS='-I/usr/include/arm-linux-gnueabihf'
libswresample_LIBS='-lswresample'
libuuid_CFLAGS='-I/usr/include/uuid'
libuuid_LIBS='-luuid'
localedir='${datarootdir}/locale'
localstatedir='${prefix}/var'
mandir='${datarootdir}/man'
mkdir_p='$(MKDIR_P)'
oldincludedir='/usr/include'
pdfdir='${docdir}'
popt_CFLAGS=''
popt_LIBS='-lpopt'
prefix='/usr/local'
program_transform_name='s,x,x,'
psdir='${docdir}'
runstatedir='${localstatedir}/run'
sbindir='${exec_prefix}/sbin'
sharedstatedir='${prefix}/com'
sndfile_CFLAGS=''
sndfile_LIBS=''
soxr_CFLAGS=''
soxr_LIBS='-lsoxr'
sysconfdir='/etc'
systemdsystemunitdir='/lib/systemd/system'
target_alias=''

## ----------- ##
## confdefs.h. ##
## ----------- ##

/* confdefs.h */
#define PACKAGE_NAME "shairport-sync"
#define PACKAGE_TARNAME "shairport-sync"
#define PACKAGE_VERSION "4.3.7"
#define PACKAGE_STRING "shairport-sync 4.3.7"
#define PACKAGE_BUGREPORT "4265913+mikebrady@users.noreply.github.com"
#define PACKAGE_URL ""
#define PACKAGE "shairport-sync"
#define VERSION "4.3.7"
#define CONFIG_USE_GIT_VERSION_STRING 1
#define HAVE_LIBRT 1
#define HAVE_LIBPTHREAD 1
#define HAVE_LIBM 1
#define CONFIG_LIBDAEMON 1
#define CONFIG_OPENSSL 1
#define CONFIG_SOXR 1
#define CONFIG_AVAHI 1
#define HAVE_LIBAVAHI_CLIENT 1
#define HAVE_LIBAVAHI_COMMON 1
#define CONFIG_ALSA 1
#define CONFIG_DBUS_INTERFACE 1
#define CONFIG_MPRIS_INTERFACE 1
#define CONFIG_METADATA_HUB 1
#define CONFIG_DACP_CLIENT 1
#define CONFIG_METADATA 1
#define CONFIG_AIRPLAY_2 1
#define HAVE_LIBGCRYPT 1
#define STDC_HEADERS 1
#define HAVE_SYS_TYPES_H 1
#define HAVE_SYS_STAT_H 1
#define HAVE_STDLIB_H 1
#define HAVE_STRING_H 1
#define HAVE_MEMORY_H 1
#define HAVE_STRINGS_H 1
#define HAVE_INTTYPES_H 1
#define HAVE_STDINT_H 1
#define HAVE_UNISTD_H 1
#define HAVE_ARPA_INET_H 1
#define HAVE_FCNTL_H 1
#define HAVE_LIMITS_H 1
#define HAVE_MEMORY_H 1
#define HAVE_NETDB_H 1
#define HAVE_NETINET_IN_H 1
#define HAVE_STDINT_H 1
#define HAVE_STDLIB_H 1
#define HAVE_STRING_H 1
#define HAVE_SYS_IOCTL_H 1
#define HAVE_SYS_SOCKET_H 1
#define HAVE_SYS_TIME_H 1
#define HAVE_SYSLOG_H 1
#define HAVE_UNISTD_H 1
#define HAVE_ALLOCA_H 1
#define HAVE_ALLOCA 1
#define HAVE_FORK 1
#define HAVE_VFORK 1
#define HAVE_WORKING_VFORK 1
#define HAVE_WORKING_FORK 1
#define HAVE_ATEXIT 1
#define HAVE_CLOCK_GETTIME 1
#define HAVE_GETHOSTNAME 1
#define HAVE_INET_NTOA 1
#define HAVE_MEMCHR 1
#define HAVE_MEMMOVE 1
#define HAVE_MEMSET 1
#define HAVE_MKFIFO 1
#define HAVE_POW 1
#define HAVE_SELECT 1
#define HAVE_SOCKET 1
#define HAVE_STPCPY 1
#define HAVE_STRCASECMP 1
#define HAVE_STRCHR 1
#define HAVE_STRDUP 1
#define HAVE_STRERROR 1
#define HAVE_STRSTR 1
#define HAVE_STRTOL 1
#define HAVE_STRTOUL 1

configure: exit 0
